Accelerometer1RMS,Accelerometer2RMS,Current,Pressure,Temperature,Thermocouple,Voltage,Volume Flow RateRMS,anomaly_score,label
0.08105549999999999,0.132572,1.4094799999999998,-0.27321599999999996,86.8532,22.0867,231.247,77.0,0.0,0
0.0814173,0.13661600000000002,1.942,0.054711,86.7155,22.0904,229.56900000000002,76.9794,0.0,0
0.082209,0.132413,1.60694,0.054711,86.7442,22.0991,231.74900000000002,76.0209,0.0,0
0.08130110000000003,0.137628,1.13916,0.054711,86.8673,22.0944,218.12099999999998,77.0,0.0,0
0.08196010000000001,0.130911,1.57836,0.054711,86.9175,22.0887,231.304,77.0,0.0,0
0.0808617,0.138537,1.84093,-0.27321599999999996,86.7062,22.0998,242.328,77.0,0.0,0
0.08326230000000001,0.132658,1.64818,0.054711,86.4951,22.0878,241.67,77.0,0.0,0
0.08166110000000001,0.136159,1.32774,0.054711,87.0097,22.0878,232.003,77.0209,0.0,0
0.0809118,0.135046,1.9974299999999998,0.054711,86.9424,22.0911,228.96599999999998,77.9794,0.0,0
0.08258330000000001,0.131779,1.63478,0.38263800000000003,87.0255,22.1058,248.81,76.9794,0.0,0
0.081112,0.138072,1.1587100000000001,-0.601143,87.05799999999998,22.099,229.105,76.0209,0.0,0
0.082603,0.133141,1.69747,0.054711,87.1044,22.09800000000001,238.862,77.0,0.0,0
0.081083,0.13678900000000002,1.68107,-0.27321599999999996,87.1435,22.0947,242.579,77.0,0.0,0
0.0821666,0.131138,1.66831,-0.27321599999999996,86.8991,22.0947,206.299,76.9794,0.0,0
0.0809112,0.138566,2.20756,-0.27321599999999996,87.2501,22.1047,237.81,76.042,0.0,0
0.08212989999999999,0.134135,1.76918,-0.601143,87.2572,22.0975,204.983,77.959,0.0,0
0.08213630000000001,0.133596,2.16403,0.054711,87.0687,22.0961,243.729,76.0209,0.0,0
0.080698,0.131735,1.14438,0.054711,86.8332,22.105999999999998,224.28799999999998,77.0,0.0,0
0.0808323,0.138237,1.6909299999999998,-0.27321599999999996,87.1918,22.1077,221.87099999999998,77.0,0.0,0
0.0828572,0.13397799999999999,2.0145,-0.27321599999999996,86.8119,22.114,251.542,77.0,0.0,0
0.080886,0.135948,1.8963700000000001,0.054711,87.1066,22.1095,228.519,77.0,0.0,0
0.0818685,0.133472,1.97367,0.054711,86.9965,22.1202,219.657,77.0209,0.0,0
0.08235060000000001,0.132999,1.89968,0.054711,87.1328,22.1202,204.56799999999998,77.959,0.0,0
0.0811349,0.138225,1.96965,0.054711,87.12,22.114,232.233,76.042,0.0,0
0.0827304,0.130682,1.69525,0.054711,86.7689,22.113000000000003,224.676,77.959,0.0,0
0.0814909,0.137479,1.5504200000000001,0.054711,86.9928,22.1252,237.299,76.0209,0.0,0
0.08199719999999999,0.130583,1.73565,0.054711,87.1133,22.1191,229.956,77.0,0.0,0
0.0813108,0.137069,1.93209,0.054711,86.5001,22.1171,250.213,77.0,0.0,0
0.08264819999999999,0.134186,2.10345,0.054711,86.9398,22.1209,235.63299999999998,77.0,0.0,0
0.08130119999999999,0.134875,1.62057,0.054711,86.819,22.1214,230.13,77.0,0.0,0
0.08122489999999999,0.136173,1.52996,0.054711,87.0218,22.1214,230.396,76.9794,0.0,0
0.0827787,0.131999,1.83726,0.38263800000000003,86.6599,22.1191,232.65099999999998,76.0209,0.0,0
0.0807092,0.139567,1.51111,-0.27321599999999996,86.6876,22.116999999999997,208.297,77.0,0.0,0
0.08258439999999999,0.13430699999999998,1.84759,0.054711,86.5898,22.1193,239.75599999999997,77.0,0.0,0
0.0811135,0.134703,1.31364,-0.601143,86.6661,22.1278,204.938,76.9794,0.0,0
0.08135010000000001,0.136736,1.40611,-0.601143,86.7894,22.1183,251.294,77.0,0.0,0
0.081536,0.13729,1.3719700000000001,0.38263800000000003,86.7398,22.1272,246.365,77.0,0.0,0
0.0825058,0.13276,1.2116,0.054711,86.7572,22.1285,243.227,77.0,0.0,0
0.08107360000000001,0.13753800000000002,1.26965,0.054711,86.824,22.1285,247.185,77.0,0.0,0
0.0824033,0.131712,1.90583,0.054711,86.72399999999998,22.1284,231.299,77.0,0.0,0
0.0811133,0.13741099999999998,1.05378,0.054711,86.8589,22.1277,229.544,77.0,0.0,0
0.083063,0.135252,1.22753,-0.27321599999999996,86.7115,22.1309,253.528,76.9794,0.0,0
0.0810244,0.135021,1.82096,0.38263800000000003,86.8751,22.1302,224.112,76.0209,0.0,0
0.0816189,0.134799,1.72869,0.054711,86.9272,22.1246,233.921,77.0209,0.0,0
0.08233410000000001,0.133297,1.7616,0.054711,86.7195,22.1237,232.91099999999997,77.959,0.0,0
0.0810187,0.140312,1.0909799999999998,0.054711,86.7999,22.1169,226.72299999999998,76.0209,0.0,0
0.0821687,0.132273,1.23615,0.054711,86.8591,22.1169,250.697,77.0209,0.0,0
0.0811369,0.137165,0.74369,-0.27321599999999996,86.8679,22.1145,223.321,77.9794,0.0,0
0.0815679,0.13198900000000002,1.60745,0.054711,86.8258,22.1201,230.192,77.0,0.0,0
0.080979,0.137762,1.8910799999999999,0.38263800000000003,86.8234,22.1169,241.18,77.0,0.0,0
0.08293210000000001,0.136007,1.77758,0.054711,86.7948,22.1118,230.74200000000002,77.0,0.0,0
0.08135389999999999,0.133661,1.81749,0.054711,86.7207,22.1199,229.06400000000002,77.0209,0.0,0
0.0807465,0.13661500000000001,1.5939299999999998,-0.601143,86.9053,22.1216,230.21900000000002,77.959,0.0,0
0.0811056,0.14158099999999998,1.81733,0.054711,86.8804,22.1116,228.007,77.9794,0.0,0
0.0819767,0.132852,1.65375,0.054711,87.3115,22.1131,229.792,77.0,0.0,0
0.0812739,0.137138,1.9376400000000005,0.054711,86.868,22.1131,251.35,77.0,0.0,0
0.0821539,0.13203800000000002,1.57805,0.38263800000000003,86.7139,22.1177,226.668,77.0,0.0,0
0.080862,0.138526,1.60677,0.054711,86.8514,22.1137,226.144,77.0,0.0,0
0.0826941,0.135294,1.53751,-0.27321599999999996,86.9155,22.1113,223.421,77.0209,0.0,0
0.0816333,0.133928,1.02995,0.054711,86.9791,22.1218,232.97,77.9794,0.0,0
0.0803335,0.136507,1.49389,0.38263800000000003,86.8221,22.111,231.118,77.0,0.0,0
0.082311,0.132293,1.10437,0.054711,86.9095,22.1052,225.84900000000002,77.0,0.0,0
0.08127569999999999,0.140071,1.23179,0.054711,86.7929,22.109,228.37599999999998,77.0,0.0,0
0.081593,0.133466,1.9982099999999998,0.054711,86.9818,22.109,227.31799999999998,76.9794,0.0,0
0.081343,0.135995,1.90084,0.054711,86.8674,22.1131,242.605,76.0209,0.0,0
0.0820058,0.13292,1.9169599999999998,0.054711,86.7326,22.1068,236.82299999999998,77.0,0.0,0
0.080727,0.136562,1.26737,0.054711,87.0,22.113000000000003,228.459,77.0,0.0,0
0.0819091,0.137093,1.8599,-0.27321599999999996,87.0508,22.1204,218.78900000000002,77.0,0.0,0
0.08155889999999999,0.13226300000000002,1.72505,0.38263800000000003,87.0523,22.1051,217.9,77.0,0.0,0
0.080567,0.138277,1.45976,0.054711,86.84,22.1116,222.93200000000002,77.0,0.0,0
0.0821002,0.131212,2.03533,0.054711,86.9071,22.1049,237.60299999999998,77.0,0.0,0
0.0813515,0.13969700000000002,1.9842400000000002,0.054711,86.9625,22.1049,225.597,77.0,0.0,0
0.0813442,0.13516199999999998,1.48219,-0.27321599999999996,86.8542,22.1113,231.859,77.0,0.0,0
0.0815063,0.134195,1.55288,-0.27321599999999996,87.0405,22.1053,205.644,77.0,0.0,0
0.0815998,0.134366,1.5921299999999998,0.054711,87.0595,22.1023,217.203,77.0,0.0,0
0.0814119,0.139272,1.15,-0.27321599999999996,86.9608,22.1008,232.503,77.0,0.0,0
0.0818665,0.13100799999999999,1.9119700000000002,-0.27321599999999996,87.3461,22.1063,228.113,77.0,0.0,0
0.0809824,0.138261,2.02449,0.054711,86.9602,22.0996,233.75799999999998,77.0,0.0,0
0.08171510000000001,0.130991,2.25789,0.054711,87.29,22.0996,247.643,77.0,0.0,0
0.0817158,0.13758299999999998,1.71387,0.054711,87.0952,22.0941,211.975,77.0,0.0,0
0.0820809,0.13571,2.01416,-0.27321599999999996,87.1147,22.103,231.25599999999997,77.0,0.0,0
0.08162989999999999,0.132994,1.3713,-0.601143,87.3282,22.1021,251.46400000000003,77.0,0.0,0
0.08130010000000001,0.135217,1.96322,-0.601143,87.4571,22.1027,232.87900000000002,76.9794,0.0,0
0.08204439999999999,0.132396,1.6075700000000002,-0.601143,87.3385,22.0945,236.36,76.0209,0.0,0
0.0809027,0.138242,2.05635,0.054711,87.3776,22.0972,232.40200000000002,77.0,0.0,0
0.081991,0.131958,1.18474,0.054711,87.4288,22.0972,233.14,77.0,0.0,0
0.08170319999999999,0.134457,1.22424,-0.27321599999999996,87.41799999999998,22.1111,225.69,77.0,0.0,0
0.0809195,0.134245,1.9566299999999999,0.38263800000000003,87.4516,22.1066,206.389,76.9794,0.0,0
0.082113,0.131523,1.1516600000000001,0.054711,87.4658,22.1028,229.74900000000002,76.0209,0.0,0
0.08076839999999999,0.138414,2.10226,0.38263800000000003,87.4249,22.0931,248.732,77.0,0.0,0
0.0818643,0.13143,1.01616,0.054711,87.3436,22.1031,205.85299999999998,76.9794,0.0,0
0.0819425,0.133796,0.989196,0.054711,87.319,22.0991,224.49200000000002,76.0209,0.0,0
0.0820381,0.13188,1.8906599999999998,-0.601143,87.4178,22.1092,232.546,77.0,0.0,0
0.0809169,0.140587,0.982194,-0.601143,87.4639,22.1092,203.88400000000001,76.9794,0.0,0
0.08181489999999997,0.132225,0.761096,0.054711,87.458,22.0984,216.03400000000002,76.0209,0.0,0
0.08190399999999999,0.133947,2.0362400000000003,0.054711,87.5792,22.1074,247.898,77.0209,0.0,0
0.0809247,0.134269,2.03951,-0.27321599999999996,87.5067,22.1068,245.43,77.9794,0.0,0
0.08198760000000001,0.131528,0.9414899999999999,0.38263800000000003,87.5065,22.1103,216.30700000000002,77.0,0.0,0
0.081314,0.137702,1.6380000000000001,-0.601143,87.5717,22.0947,234.21200000000002,77.0,0.0,0
0.0820346,0.131246,1.81899,-0.601143,87.5663,22.0947,231.106,77.0,0.0,0
0.0816867,0.13461800000000002,1.45566,0.054711,87.45100000000002,22.0989,226.83,77.0,0.0,0
0.0814299,0.133965,0.7295229999999999,0.054711,87.4333,22.1078,208.24099999999999,77.0,0.0,0
0.08105319999999999,0.133617,1.79585,0.054711,87.4955,22.1056,230.826,77.0,0.0,0
0.081192,0.136035,1.2615399999999999,0.054711,87.469,22.0992,234.99099999999999,77.0,0.0,0
0.08218969999999999,0.13056900000000002,1.7611599999999998,0.054711,87.5334,22.111,229.113,77.0,0.0,0
0.07992869999999999,0.137214,1.8730799999999999,0.38263800000000003,87.4402,22.1041,239.96099999999998,76.9794,0.0,0
0.0816322,0.131163,1.12801,0.054711,87.4578,22.1069,228.63400000000001,76.042,0.0,0
0.08089339999999999,0.135481,1.41317,0.054711,87.5666,22.1069,226.11700000000002,77.9794,0.0,0
0.0817633,0.134247,1.41882,0.38263800000000003,87.3954,22.1188,235.873,77.0,0.0,0
0.08031060000000001,0.137403,0.614404,0.054711,87.4337,22.1128,212.475,76.0209,0.0,0
0.08185369999999999,0.131681,1.4248100000000001,-0.601143,87.42299999999999,22.1087,229.393,77.0209,0.0,0
0.08053880000000001,0.137472,1.65874,0.054711,87.8506,22.1202,220.28599999999997,77.9794,0.0,0
0.0816576,0.132333,1.09863,-0.27321599999999996,87.5753,22.1088,232.55,77.0,0.0,0
0.0814824,0.13552,1.7250400000000001,-0.601143,87.5094,22.1083,243.368,77.0,0.0,0
0.0806953,0.13507,1.10361,-0.27321599999999996,87.6803,22.1208,226.733,77.0,0.0,0
0.08221669999999999,0.13108399999999998,1.0863,-0.27321599999999996,87.6524,22.1208,231.673,77.0209,0.0,0
0.0809726,0.138531,1.74242,0.054711,87.5537,22.1095,237.426,77.9794,0.0,0
0.0817026,0.13159400000000002,2.00725,0.054711,87.5898,22.1081,245.298,77.0,0.0,0
0.08096310000000001,0.137071,1.7373900000000002,0.710565,87.6444,22.1146,231.648,77.0,0.0,0
0.0825331,0.13147799999999998,1.72498,-0.27321599999999996,87.5463,22.1141,218.66299999999998,77.0,0.0,0
0.0809574,0.13638699999999998,1.1151,0.38263800000000003,87.6603,22.1109,222.46,77.0209,0.0,0
0.0813658,0.135952,1.75015,0.054711,87.6007,22.1115,232.33599999999998,77.9794,0.0,0
0.0822315,0.131623,1.5794700000000002,-0.27321599999999996,87.6508,22.1206,239.017,77.0,0.0,0
0.0807956,0.137159,1.52294,0.054711,87.4646,22.1125,235.28799999999998,76.9794,0.0,0
0.0820882,0.131748,1.16239,0.38263800000000003,87.3678,22.1217,212.75799999999998,76.0209,0.0,0
0.0808807,0.137444,1.5266,0.38263800000000003,87.3417,22.1217,238.886,77.0209,0.0,0
0.08090510000000001,0.135328,1.94449,0.054711,87.5039,22.1144,253.463,76.0209,0.0,0
0.0817372,0.13295,2.18803,0.054711,87.1442,22.1248,240.274,77.0,0.0,0
0.0818553,0.133049,1.91842,0.054711,87.0693,22.1201,233.014,77.0,0.0,0
0.0811137,0.13737,1.64448,0.054711,87.3824,22.1144,216.502,77.0,0.0,0
0.0820641,0.13042,2.1135599999999997,0.38263800000000003,87.1845,22.1154,227.972,77.0,0.0,0
0.0812831,0.136579,2.02166,-0.601143,87.5789,22.1221,232.895,77.0209,0.0,0
0.08246160000000001,0.13219,1.30856,-0.27321599999999996,87.2461,22.1268,230.743,77.959,0.0,0
0.0807302,0.136638,1.5307899999999999,-0.27321599999999996,87.0505,22.1268,215.675,76.0209,0.0,0
0.0819689,0.13256800000000002,0.630733,-0.27321599999999996,87.1767,22.124000000000002,205.222,77.0209,0.0,0
0.08163279999999999,0.13366199999999998,1.40154,-0.27321599999999996,87.1706,22.1317,230.662,77.9794,0.0,0
0.0812794,0.13458599999999998,1.3627,0.054711,86.9513,22.1255,228.812,76.9794,0.0,0
0.0822984,0.130313,1.96671,0.38263800000000003,87.0999,22.1328,230.595,76.042,0.0,0
0.0810187,0.138258,1.4720600000000001,0.054711,86.8908,22.128,228.40900000000002,77.9794,0.0,0
0.0817755,0.128983,1.90392,0.38263800000000003,87.1065,22.1307,231.43900000000002,77.0,0.0,0
0.0812064,0.13556700000000002,1.3505200000000002,0.054711,87.0274,22.1301,232.303,77.0,0.0,0
0.08219119999999999,0.130613,1.45997,0.054711,86.9833,22.1301,249.425,77.0,0.0,0
0.0810779,0.135152,1.3080200000000002,-0.27321599999999996,87.0146,22.131,224.75099999999998,77.0,0.0,0
0.0819904,0.131154,1.29607,0.710565,86.87100000000002,22.1298,230.91400000000002,77.0,0.0,0
0.0809006,0.13606400000000002,1.68687,0.054711,86.7953,22.1189,225.22400000000002,77.0209,0.0,0
0.0827609,0.12934500000000002,1.4372,0.38263800000000003,87.042,22.1202,240.09,77.959,0.0,0
0.0809154,0.138261,0.616386,-0.27321599999999996,86.992,22.1339,204.709,76.0209,0.0,0
0.08182539999999999,0.129127,1.31725,0.054711,86.8508,22.1247,232.144,77.0,0.0,0
0.0816962,0.135147,1.43677,-0.27321599999999996,86.9075,22.1121,231.851,77.0,0.0,0
0.0819012,0.13112100000000002,1.39415,-0.27321599999999996,87.0755,22.1257,223.82,77.0,173205329598576.03,1
0.0819448,0.13226300000000002,0.601484,-0.27321599999999996,86.9726,22.1257,205.998,77.0209,1.6182748274782996,0
0.08151060000000003,0.134748,0.621675,-0.27321599999999996,86.8188,22.1119,205.158,77.9794,0.9170863289460995,0
0.0818508,0.130018,1.35636,0.38263800000000003,86.6717,22.1161,221.232,77.0,0.5761103777394345,0
0.0810146,0.135217,1.39914,0.38263800000000003,86.9601,22.1146,250.05900000000003,77.0,0.3617137477620152,0
0.082587,0.131119,1.2571299999999999,0.38263800000000003,86.8674,22.1265,241.489,76.9794,0.4541847932454125,0
0.08108,0.134029,1.8745900000000002,0.054711,86.5205,22.1137,230.416,76.0209,0.4198651491945255,0
0.0816995,0.132218,1.32765,-0.601143,86.9283,22.1168,225.31900000000002,77.0,0.3450875022770142,0
0.0817898,0.130902,1.1717799999999998,-0.601143,86.8344,22.1168,227.795,77.0,0.25374570031777033,0
0.0812325,0.133658,1.19887,0.054711,86.8331,22.1263,242.334,77.0,0.11216450662345068,0
0.08265800000000001,0.130693,1.79742,0.054711,86.5595,22.119,220.577,77.0,0.2716963964914167,0
0.0808004,0.128773,1.11006,-0.601143,86.6579,22.1227,232.03799999999998,77.0209,0.211269202620302,0
0.0811698,0.13580699999999998,2.16378,0.054711,86.59899999999998,22.123,246.27599999999998,77.9794,0.336722023433837,0
0.0820447,0.131975,1.90905,0.054711,86.5221,22.1204,213.65599999999998,77.0,0.3521996057701178,0
0.0822057,0.132905,1.8069,0.054711,86.50299999999999,22.1173,243.007,77.0,0.26937199522488964,0
0.0809034,0.134169,1.9373799999999999,0.054711,86.5165,22.1147,213.063,76.9794,0.1587426290483796,0
0.0822008,0.130162,0.998302,0.38263800000000003,86.6179,22.1191,206.28599999999997,76.0209,0.21683982948293945,0
0.081189,0.136049,1.9411599999999998,0.054711,86.4635,22.1082,229.986,77.0,0.28294119383537364,0
0.0827909,0.130947,1.93587,0.054711,86.3825,22.1082,224.588,77.0,0.16235206646204553,0
0.0814979,0.134331,2.18798,0.38263800000000003,86.3844,22.1168,247.138,77.0,0.11785018935325997,0
0.08155470000000001,0.132652,1.8466900000000002,0.38263800000000003,86.6782,22.1119,231.157,77.0,0.3286938769885284,0
0.08171410000000001,0.131805,1.92573,0.38263800000000003,86.3952,22.1165,216.111,76.9794,0.20619553554912493,0
0.08141960000000001,0.135127,1.40124,0.054711,86.6214,22.1157,218.015,76.042,0.33402645072036186,0
0.0825358,0.130915,1.29425,-0.27321599999999996,86.5005,22.1206,240.687,77.9794,0.21458444620837924,0
0.08101389999999999,0.135356,1.13893,0.054711,86.2982,22.1255,226.52200000000002,77.0,0.1789845874242778,0
0.0820136,0.129893,2.25818,0.054711,86.7282,22.1255,244.328,77.0,0.06744488419302176,0
0.0808455,0.136207,1.27362,0.054711,86.5971,22.1239,231.62099999999998,77.0,0.2805218003067061,0
0.0829703,0.131636,1.26434,-0.27321599999999996,86.5674,22.116,207.908,76.9794,0.3227561464408776,0
0.0818377,0.133839,1.71765,-0.601143,86.179,22.1208,225.595,76.0209,0.1686379127805591,0
0.08283660000000001,0.130084,1.24546,-0.27321599999999996,86.6265,22.1196,232.75400000000002,77.0209,0.18849560741629687,0
0.080857,0.13653900000000002,1.24807,0.054711,86.5299,22.1132,219.21400000000003,77.9794,0.31047347965377764,0
0.08281110000000001,0.131894,1.92655,0.38263800000000003,86.3995,22.1091,233.632,77.0,0.31352107620803504,0
0.08138610000000003,0.13353199999999998,1.6852900000000002,0.054711,86.5381,22.1157,236.894,77.0,0.29220501616151184,0
0.0815498,0.131672,1.22838,0.054711,86.5069,22.1157,225.148,77.0,0.3070189384820928,0
0.08167460000000001,0.13282,1.17621,0.054711,86.4766,22.1063,225.12599999999998,77.0,0.3147816179980426,0
0.0819544,0.1336,2.0066900000000003,-0.27321599999999996,86.1502,22.1036,225.395,77.0,0.22871576600189544,0
0.0820764,0.131707,0.659877,-0.27321599999999996,86.345,22.1168,247.59799999999998,77.0,0.25577841844093147,0
0.0809362,0.134911,0.666327,0.054711,86.4133,22.1176,214.75900000000001,77.0,0.294699522228898,0
0.08246160000000001,0.12827,1.15814,-0.27321599999999996,86.3359,22.1127,220.273,77.0,0.293358899711925,0
0.0810903,0.136165,1.17456,0.054711,86.2946,22.1049,218.59599999999998,76.9794,0.19314825392815457,0
0.08290750000000001,0.131996,1.82477,-0.27321599999999996,86.4453,22.1175,243.644,76.042,0.3240083916341744,0
0.0818365,0.13153,1.1455799999999998,-0.27321599999999996,86.3062,22.1175,234.567,77.9794,0.20550634637180845,0
0.08099160000000001,0.13392300000000001,1.1627,0.054711,86.2634,22.1094,232.03,77.0,0.10284578975659764,0
0.0824561,0.129327,0.996409,0.710565,86.3004,22.1147,221.285,76.9794,0.14901182318203327,0
0.0810733,0.13627,0.745491,-0.27321599999999996,86.1906,22.1083,213.49400000000003,76.042,0.2519437078270488,0
0.0827692,0.130954,1.70154,0.054711,86.3663,22.1025,244.4,77.9794,0.23385526596368775,0
0.0809379,0.133661,1.87875,0.054711,86.2158,22.1042,229.239,77.0,0.09002226698235576,0
0.0822428,0.129838,0.9580270000000001,-0.27321599999999996,86.1374,22.1036,219.097,77.0,0.13675177117245643,0
0.08134889999999999,0.133674,1.5919,-0.27321599999999996,86.1925,22.1036,239.641,76.9794,0.1197429679130684,0
0.08231319999999999,0.130262,1.01778,0.054711,86.0863,22.1026,225.355,76.9794,0.11845968657187655,0
0.08073419999999999,0.134424,1.7145400000000002,-0.27321599999999996,86.124,22.0978,233.13299999999998,76.0209,0.11364677140293271,0
0.08253110000000001,0.128092,1.70318,0.054711,85.9989,22.1065,231.32,77.0,0.293880910760387,0
0.0813462,0.13538599999999998,1.0527799999999998,0.054711,85.988,22.1015,232.273,76.9794,0.1610324294151302,0
0.08224730000000001,0.132678,1.48645,0.054711,86.3654,22.1028,223.40900000000002,76.0209,0.2146259239237367,0
0.08168310000000001,0.130734,2.06783,0.054711,86.1297,22.1018,252.793,77.0,0.13582275994560952,0
0.0812808,0.132555,1.06145,0.054711,85.9818,22.1046,233.407,77.0,0.246424273988098,0
0.08197860000000001,0.12917599999999999,1.13855,0.054711,86.1963,22.1008,244.912,76.9794,0.2017527935012573,0
0.0809579,0.134482,2.13948,0.054711,86.009,22.1008,252.84900000000002,76.0209,0.1921632120951821,0
0.0824725,0.131743,2.1511099999999996,0.054711,86.0635,22.1056,253.859,76.9794,0.24926919874249717,0
0.0814765,0.130207,1.90283,0.38263800000000003,85.9279,22.1079,231.06400000000002,76.0209,0.060186608505437854,0
0.08136610000000001,0.132445,1.09138,-0.27321599999999996,85.9379,22.0982,220.519,77.0,0.19281430853602233,0
0.0819395,0.129995,1.9728299999999999,-0.27321599999999996,85.9138,22.1006,225.942,77.0,0.10166812110191738,0
0.0807831,0.13475299999999998,1.11006,0.054711,85.9641,22.1092,234.178,76.9794,0.18079808781576265,0
0.0829097,0.132379,1.7869700000000002,0.054711,86.0857,22.0965,229.22,76.0209,0.25124124845904544,0
0.0812438,0.130733,1.00603,0.054711,85.9376,22.0965,226.518,77.0,0.08224254148935313,0
0.0814062,0.132723,1.22095,0.054711,86.2836,22.1047,228.45,76.9794,0.24526171876147748,0
0.08217239999999999,0.13553099999999998,1.0918299999999999,0.054711,85.9384,22.0907,226.333,77.0,0.1667959562794035,0
0.0830541,0.132491,2.18853,-0.27321599999999996,86.133,22.1021,234.44799999999998,77.0,0.2744341911931819,0
0.0810234,0.13122799999999998,1.88847,-0.601143,86.1861,22.101999999999997,231.239,77.0,0.19251039771786058,0
0.0818043,0.131854,1.7300200000000001,-0.27321599999999996,85.9075,22.0975,230.76,77.0,0.24076492481004408,0
0.08242200000000001,0.129948,1.1046799999999999,0.38263800000000003,86.0027,22.0955,214.604,77.0,0.09025548753187898,0
0.0807335,0.13777899999999998,2.04075,0.38263800000000003,86.0089,22.0996,239.68,77.0,0.26310250526351914,0
0.0827659,0.129197,2.02446,0.054711,85.9929,22.1001,242.11,77.0,0.19987545445907307,0
0.0810285,0.134921,2.21882,0.054711,86.0956,22.1001,224.09400000000002,77.0,0.20503936191103708,0
0.0817512,0.130923,1.7426,-0.601143,86.068,22.0941,232.829,77.0,0.25185490020132034,0
0.08164060000000001,0.133903,1.8946,0.38263800000000003,85.9882,22.0989,212.93200000000002,77.0,0.10774872630316555,0
0.08264160000000001,0.135823,1.7995599999999998,0.054711,85.9452,22.09800000000001,231.183,76.9794,0.14160951440516653,0
0.08148839999999999,0.13175699999999999,1.91965,0.054711,86.1079,22.0949,227.295,76.042,0.18957940040728916,0
0.0815081,0.13505599999999998,2.21307,0.054711,86.0615,22.1041,249.037,77.9794,0.23042817819672423,0
0.0824765,0.131078,1.9213099999999999,-0.601143,86.0313,22.0962,230.868,77.0,0.1588788822280094,0
0.081055,0.138762,1.7238200000000001,0.054711,85.5492,22.0975,233.074,76.9794,0.26901514937679705,0
0.08259630000000001,0.132786,1.8365200000000002,0.054711,85.7405,22.0998,237.26,76.0209,0.21979356715589352,0
0.08165139999999999,0.134552,1.84398,0.054711,86.1016,22.0998,213.49,77.0209,0.1710611631022178,0
0.0815786,0.133016,1.7875,0.054711,85.5869,22.0958,226.958,77.9794,0.16775206406281085,0
0.0822171,0.13745,1.62234,-0.27321599999999996,86.0095,22.0961,226.611,76.0209,0.1383579787509051,0
0.08152530000000001,0.13206199999999998,0.702021,0.38263800000000003,86.1253,22.0955,206.065,77.0,0.18511177946813379,0
0.0814264,0.135945,1.61588,-0.27321599999999996,85.5387,22.0926,227.96200000000002,77.0,0.15419861331581752,0
0.082739,0.130673,2.09963,0.38263800000000003,85.9337,22.0946,245.144,77.0,0.12440543866771601,0
0.0814605,0.13978,1.6760700000000002,0.054711,85.6385,22.1006,212.28799999999998,77.0209,0.26887536010308505,0
0.0823819,0.133205,0.6606920000000001,0.054711,85.7266,22.0968,223.15900000000002,77.9794,0.2551874722381044,0
0.0818476,0.133918,1.69737,0.054711,86.1239,22.0968,240.24900000000002,77.0,0.2450740769228034,0
0.08157339999999999,0.133253,1.6166200000000002,0.054711,85.7478,22.0915,233.965,77.0,0.23173155820347785,0
0.08174400000000001,0.13455899999999998,0.630005,0.054711,85.7523,22.0988,208.787,77.0,0.2542468990832526,0
0.0822978,0.136235,1.62869,0.054711,85.8966,22.09,234.669,77.0,0.15545760700187616,0
0.0817123,0.132349,0.797971,0.054711,85.6699,22.0811,215.81400000000002,77.0,0.07874104416808937,0
0.0811635,0.136183,1.0954899999999999,0.054711,86.3722,22.0854,228.2,77.0,0.26071826304709794,0
0.08267089999999999,0.13073900000000002,1.63152,0.054711,85.8876,22.0816,209.148,77.0211,0.14037826656793947,0
0.08139210000000001,0.138574,1.85516,0.054711,85.8405,22.0872,223.41299999999998,77.9791,0.22812119501523875,0
0.0822755,0.134206,1.8434,-0.27321599999999996,85.7774,22.0932,229.959,77.0,0.23386931266721117,0
0.08196289999999999,0.133241,1.54106,-0.27321599999999996,85.8996,22.0932,230.014,77.0,0.2327402690548744,0
0.0814011,0.135642,1.59855,0.38263800000000003,85.83,22.0805,213.30700000000002,77.0211,0.18788746017368563,0
0.0817638,0.132118,1.0858299999999999,0.38263800000000003,85.9128,22.0841,224.77,77.9791,0.14050348872682694,0
0.081728,0.13136,1.5514299999999999,0.38263800000000003,86.0486,22.0901,224.646,77.0,0.176326506019615,0
0.08154310000000001,0.136121,1.88599,0.054711,86.0752,22.0904,226.87400000000002,76.9791,0.16497421590121655,0
0.08227589999999999,0.13050699999999998,1.85685,0.054711,86.1414,22.0797,220.38099999999997,76.0211,0.14452186996370778,0
0.0814871,0.138147,1.90182,-0.27321599999999996,86.1497,22.0931,250.639,77.0,0.16287502074391902,0
0.0821337,0.13405599999999998,1.05969,0.054711,86.015,22.0948,221.18,77.0211,0.19230524463690205,0
0.08226760000000001,0.13359000000000001,0.686116,0.054711,86.0342,22.0948,215.55200000000002,77.9585,0.24940901112016978,0
0.0807278,0.136326,1.6561099999999995,-0.27321599999999996,86.3092,22.0941,240.937,76.0425,0.2327456006310225,0
0.0821398,0.13149,1.63798,0.38263800000000003,86.0476,22.0936,234.765,77.9791,0.07948003932238017,0
0.0815294,0.139191,1.36281,0.054711,86.1377,22.1044,221.792,77.0,0.22690724326331263,0
0.0818938,0.13166,1.58415,0.054711,86.0787,22.0923,239.08700000000002,77.0,0.17046639515091966,0
0.0817209,0.136347,1.41701,0.38263800000000003,86.461,22.0931,232.516,77.0,0.31621170451082936,0
0.0819757,0.132331,1.46581,0.710565,86.089,22.1006,216.292,77.0,0.23126179993637283,0
0.0812273,0.13658199999999998,1.48796,0.054711,86.0075,22.0956,224.575,77.0,0.1572823918859812,0
0.08216339999999997,0.13525299999999998,1.20326,0.054711,86.3196,22.0941,228.304,76.9791,0.2391439101935993,0
0.0825192,0.132872,1.60321,0.054711,86.2894,22.1029,241.771,76.0211,0.17527550174565135,0
0.08046160000000001,0.136855,1.07475,0.054711,86.2382,22.1029,231.497,77.0,0.10067539829784439,0
0.082453,0.131303,1.42527,0.054711,86.18700000000004,22.1068,220.269,77.0211,0.07648762484819648,0
0.081202,0.138907,1.47254,0.054711,86.2029,22.0965,230.518,78.0,0.21202421183169096,0
0.08216230000000001,0.133078,1.60398,0.054711,86.7501,22.1007,219.53,76.0211,0.34859961365580633,0
0.0815265,0.134095,1.2014,0.054711,86.3279,22.1057,214.075,77.0,0.1730082265035824,0
0.08189880000000001,0.134304,1.6207799999999999,0.054711,86.2167,22.1057,242.463,77.0,0.17349343751386195,0
0.0822978,0.136971,1.9298099999999998,-0.601143,86.2495,22.1081,228.577,77.0211,0.22630609544200983,0
0.0822863,0.13247,1.3663100000000001,-0.601143,86.2716,22.1081,218.34,77.9791,0.23431425994804655,0
0.0806534,0.137803,1.39736,0.054711,86.3081,22.1093,252.822,77.0,0.13890182942853152,0
0.0825773,0.13146,1.4139,0.054711,86.4106,22.1083,225.48,77.0,0.1092386483215663,0
0.0814212,0.13808,1.3313700000000002,0.054711,86.3297,22.1049,211.37599999999998,77.0,0.1054035965169472,0
0.0819836,0.13413,1.24776,-0.601143,86.2751,22.1091,225.513,77.0,0.28884965566004855,0
0.08188039999999999,0.13384100000000002,1.4060700000000002,0.38263800000000003,86.3218,22.1178,240.805,77.0,0.2510378296557938,0
0.0813643,0.134891,1.43572,-0.601143,86.3236,22.1157,246.507,77.0211,0.3001131556470048,0
0.0818247,0.13430899999999998,1.35471,-0.27321599999999996,86.3565,22.1156,228.64700000000002,77.9791,0.22422217752872056,0
0.081713,0.13713699999999998,1.53176,0.054711,86.3711,22.1215,221.69,77.0,0.236463197971289,0
0.0823846,0.13204000000000002,1.3955799999999998,0.054711,86.4025,22.1215,231.02900000000002,77.0,0.1981996782242248,0
0.08100089999999999,0.13858900000000002,1.65473,0.054711,86.4232,22.1045,218.68099999999998,77.0,0.1603561081787816,0
0.0826889,0.13178299999999998,2.06628,0.054711,86.404,22.125999999999998,223.291,77.0211,0.23156073744372482,0
0.0814379,0.137337,2.02358,0.054711,86.4355,22.1192,234.31599999999997,77.9791,0.14466518109311097,0
0.0817206,0.135552,1.47882,0.054711,86.3972,22.1159,230.055,77.0,0.22651585002542748,0
0.0821755,0.132915,1.59515,-0.601143,86.8162,22.1222,206.817,77.0211,0.39645833887718546,0
0.08216319999999999,0.132937,2.0108200000000003,0.054711,87.0111,22.1116,230.49599999999998,77.0,0.31539467412836697,0
0.0813045,0.138987,1.7317099999999999,0.054711,86.7721,22.1124,236.49599999999998,77.0,0.23180018538765934,0
0.0824826,0.13079000000000002,1.44359,0.054711,86.5489,22.1124,232.907,77.0,0.11681653010265729,0
0.0808074,0.139631,1.58666,0.054711,86.8713,22.1109,222.04,77.0,0.26730951951875326,0
0.0828539,0.13176,2.17275,0.054711,86.9748,22.1066,242.946,77.0211,0.2678373978806246,0
0.0816456,0.137754,1.54443,0.054711,87.0244,22.1129,205.946,77.9791,0.2684946862157134,0
0.0821127,0.135149,2.1511400000000003,0.054711,86.8449,22.1107,248.208,77.0,0.20672215630624413,0
0.08166720000000001,0.134044,1.66953,0.054711,87.0033,22.1116,228.987,76.9791,0.31224756031527484,0
0.0818617,0.136154,0.9865959999999999,0.054711,87.0345,22.11,230.25099999999998,76.0211,0.24588199192422217,0
0.0824211,0.133293,1.6613799999999999,0.054711,86.9676,22.1012,229.956,77.0211,0.2734723303705304,0
0.0810607,0.139329,2.1875299999999998,0.054711,87.0023,22.1012,231.49599999999998,77.9585,0.31805996619416144,0
0.08232819999999999,0.130675,0.7846,-0.27321599999999996,86.9197,22.1172,215.864,76.0425,0.2689259435845737,0
0.0809541,0.139519,1.38139,-0.27321599999999996,86.9805,22.119,231.454,77.9585,0.2852260240380506,0
0.0826181,0.132627,1.69665,0.054711,87.0168,22.1042,230.08599999999998,76.0425,0.2582394369541254,0
0.08181110000000001,0.136903,1.35794,0.054711,86.8789,22.1096,223.93099999999998,77.9791,0.14252914686526014,0
0.08178010000000001,0.135552,2.00339,0.054711,86.9701,22.1211,228.778,77.0,0.25410677364508666,0
0.0819578,0.133435,1.43088,0.054711,86.9484,22.1168,252.44,77.0,0.19073153749913327,0
0.08172330000000001,0.136214,1.52955,0.054711,87.1965,22.1078,235.122,77.0,0.35979734792185203,0
0.0821619,0.139587,0.613839,0.054711,87.0663,22.1078,205.80200000000002,77.0211,0.3424160996809444,0
0.0822693,0.13109300000000002,1.5430000000000001,0.054711,86.9694,22.1115,240.507,77.9791,0.20078259842642945,0
0.0809561,0.13878900000000002,1.2876,0.054711,87.2464,22.1096,231.079,77.0211,0.3561278198772366,0
0.0826187,0.13297899999999999,1.9318799999999998,-0.27321599999999996,87.0633,22.1037,222.09400000000002,77.9791,0.24880061910778542,0
0.081554,0.13588,1.3493700000000002,0.054711,87.1567,22.1079,237.044,77.0211,0.3256381245948634,0
0.08149010000000001,0.13706300000000002,1.32644,0.054711,87.1273,22.1168,229.715,77.9791,0.26507643545808224,0
0.0820993,0.13230999999999998,1.29843,0.38263800000000003,87.14,22.1106,230.61599999999999,77.0,0.2936264328977648,0
0.08127360000000003,0.13756,1.42957,0.38263800000000003,87.0721,22.1106,244.097,77.0,0.23485009751747757,0
0.08260419999999999,0.133139,1.32559,0.054711,87.4262,22.1126,214.03599999999997,76.9791,0.4338173702937881,0
0.0811073,0.139468,1.26289,0.054711,87.3044,22.1113,226.512,76.0211,0.40614705313832644,0
0.082064,0.130357,1.69355,0.38263800000000003,87.2029,22.109,225.118,77.0,0.3608861139919968,0
0.0811412,0.138812,1.40552,0.054711,87.3073,22.1066,231.352,77.0,0.40576086331604133,0
0.08208380000000001,0.133467,1.7133900000000002,0.38263800000000003,87.3415,22.1075,228.44099999999997,77.0,0.42128373124361906,0
0.0819255,0.135389,1.4001,0.054711,87.3816,22.1087,230.06799999999998,77.0,0.45998135209081714,0
0.0813697,0.137296,1.33785,0.054711,87.4381,22.1057,242.797,77.0,0.4532203124109487,0
0.08211389999999999,0.132453,1.53835,0.054711,87.459,22.1031,242.66299999999998,77.0,0.47770427468079957,0
0.08086130000000001,0.137596,1.4400600000000001,-0.27321599999999996,87.3588,22.1048,234.123,77.0,0.39262700770947145,0
0.0826596,0.13384200000000002,1.32141,-0.27321599999999996,87.1953,22.1048,216.014,77.0,0.32258129304421745,0
0.0814669,0.137079,0.8971959999999999,-0.601143,87.4139,22.0975,228.778,77.0,0.4540382667415995,0
0.0816289,0.134239,1.81434,-0.27321599999999996,87.3371,22.1045,230.128,77.0,0.43417604472969407,0
0.08175419999999999,0.136224,1.32871,0.054711,87.6392,22.1089,227.90599999999998,77.0,0.5755468019447457,0
0.08266810000000001,0.133011,1.43265,-0.27321599999999996,87.2123,22.1032,230.23,77.0,0.3176331424306989,0
0.0810439,0.139285,1.8519299999999999,0.054711,87.5986,22.1017,231.294,77.0211,0.5753364164608659,0
0.08203730000000001,0.131277,2.00604,0.38263800000000003,87.6051,22.1148,230.863,77.9791,0.5359438112404645,0
0.0812813,0.13739200000000001,1.2969899999999999,0.054711,87.65299999999998,22.0993,226.63,77.0,0.5852377847040184,0
0.08295110000000001,0.134745,1.16428,0.054711,87.5502,22.1,233.33700000000002,77.0,0.5530189346103435,0
0.08165700000000001,0.13632,1.8632400000000002,0.054711,87.5322,22.1,242.668,77.0,0.5219416495481732,0
0.08151030000000001,0.134273,1.54245,0.38263800000000003,87.7437,22.1093,236.101,77.0211,0.6404258829516539,0
0.08191799999999999,0.13408499999999998,1.07926,-0.27321599999999996,87.4216,22.0999,228.168,77.9791,0.4507969286697554,0
0.08143439999999999,0.135931,1.47078,0.38263800000000003,87.6092,22.1143,235.333,77.0,0.5560488776268282,0
0.08296669999999999,0.13237100000000002,1.09301,0.054711,87.569,22.1085,230.863,77.0,0.5156013844421863,0
0.0807075,0.13945,1.6469900000000002,0.054711,87.5686,22.1046,233.477,77.0,0.5507035598502875,0
0.0819605,0.130711,2.25952,0.054711,87.5811,22.1023,245.69400000000002,77.0211,0.5511960902361113,0
0.08148999999999999,0.136791,1.5178399999999999,0.38263800000000003,87.5031,22.1015,227.104,77.9791,0.4735751917657941,0
0.0821118,0.13508299999999998,1.76784,0.38263800000000003,87.6047,22.0965,220.166,77.0,0.5585521611814661,0
0.0824054,0.13375599999999999,1.65992,0.38263800000000003,87.6722,22.0965,238.40400000000002,76.9791,0.5820426983100632,0
0.08096469999999999,0.138164,2.03062,0.054711,87.7076,22.1,230.787,76.0425,0.6210766662086032,0
0.0821636,0.131118,1.70743,0.054711,87.6363,22.0978,217.513,77.0,0.5740293514854826,0
0.0827321,0.134574,2.25278,0.054711,87.4633,22.1045,251.91099999999997,77.0,0.516580915768979,0
0.0813433,0.136194,1.54579,0.38263800000000003,87.7538,22.0971,205.571,77.0,0.6168681050769056,0
0.08163,0.13449,1.7898,0.38263800000000003,87.2613,22.1003,241.77700000000002,77.0211,0.38645271004038984,0
0.08158989999999999,0.133972,1.63925,0.054711,87.6904,22.1039,214.72,77.9791,0.609039809993654,0
0.0814155,0.137021,1.59873,0.054711,87.1536,22.0908,233.74,76.9791,0.313578712269366,0
0.0828238,0.133353,1.68583,0.710565,87.2227,22.0955,231.832,76.0425,0.367882325849713,0
0.0805342,0.138042,1.7554299999999998,0.054711,87.154,22.0905,232.403,77.9791,0.307992041231897,0
0.0821735,0.131231,1.78581,0.054711,87.3178,22.0905,249.30599999999998,77.0,0.375050611030723,0
0.0812821,0.135796,2.26851,0.710565,87.35799999999998,22.0977,252.08,77.0,0.43477782875186544,0
0.0814301,0.134938,0.6273529999999999,0.054711,87.5376,22.0964,212.459,77.0,0.5427634541081213,0
0.0826066,0.13203099999999998,1.5248,0.054711,87.6381,22.1036,231.475,77.0,0.5691988740713831,0
0.0805462,0.137014,1.66682,-0.27321599999999996,87.2843,22.1001,247.24900000000002,77.0,0.35625137765356574,0
0.0822045,0.130302,1.4009,0.38263800000000003,87.2817,22.0995,219.727,77.0,0.38405947546041536,0
0.0814557,0.136076,1.02915,0.054711,87.5024,22.0987,233.168,77.0,0.5025885591334491,0
0.0815402,0.13564500000000002,1.41839,-0.27321599999999996,87.546,22.1035,231.891,77.0,0.5303375031813058,0
0.08252519999999999,0.13126400000000002,1.8708099999999999,-0.27321599999999996,87.28299999999999,22.1023,237.327,76.9791,0.35507810180888677,0
0.0807465,0.138626,1.5453299999999999,0.054711,87.2669,22.099,216.562,76.0211,0.4095075144431267,0
0.0822816,0.13103800000000002,1.69938,0.054711,87.32,22.099,242.03900000000002,77.9585,0.4135748181221754,0
0.08230119999999999,0.135724,1.3245200000000001,-0.27321599999999996,87.3158,22.0966,250.595,76.0211,0.4042298851732796,0
0.0823469,0.132759,1.96502,-0.27321599999999996,87.5026,22.0801,228.047,77.0,0.5041169754986736,0
0.08122599999999999,0.137746,1.92587,-0.27321599999999996,87.3988,22.0976,226.668,77.0,0.4211048015348555,0
0.0820672,0.132164,1.18454,0.054711,87.4037,22.0935,214.612,77.0211,0.4236818883888758,0
0.0812733,0.138409,1.43078,0.054711,87.4034,22.0884,228.745,77.9791,0.4253160215142115,0
0.0825597,0.135572,1.23419,0.054711,87.4154,22.0946,241.157,77.0,0.4477493933856015,0
0.0811678,0.135293,1.63212,0.054711,87.4608,22.0875,249.44299999999998,77.0,0.46758028687184916,0
0.0815799,0.134298,1.2070100000000001,0.054711,87.3311,22.096999999999998,234.283,77.0,0.4362196857782463,0
0.0821779,0.134196,1.41079,0.054711,87.2964,22.0948,229.02599999999998,77.0,0.4186647153644403,0
0.081151,0.13885799999999998,1.25068,0.054711,87.2883,22.0948,231.425,77.0,0.39128347980007555,0
0.0830312,0.13330899999999998,1.27144,0.38263800000000003,87.3643,22.0987,235.234,77.0,0.4053521919907236,0
0.08065180000000001,0.13858800000000002,1.14171,0.054711,87.4477,22.096,242.62,77.0211,0.47091761260696335,0
0.0824028,0.132363,1.33734,0.054711,87.436,22.0966,235.767,77.9791,0.4547239646932045,0
0.08147230000000001,0.137727,0.673978,-0.27321599999999996,87.3325,22.1016,204.605,76.9791,0.4076623599974587,0
0.0817702,0.13635999999999998,1.84726,0.054711,87.5144,22.0991,227.665,76.0211,0.5076289838415518,0
0.0817318,0.132945,1.2484899999999999,0.054711,87.5241,22.103,236.29,77.0,0.5198480947992038,0
0.0810286,0.137989,1.71987,0.054711,87.4467,22.101,229.479,77.0211,0.4813732458574699,0
0.08218500000000001,0.131448,1.17815,0.054711,87.561,22.101,218.42,77.9791,0.5386655310669924,0
0.0811443,0.138545,1.63027,-0.27321599999999996,87.5757,22.0875,239.37099999999998,77.0,0.5300798119646852,0
0.0811143,0.133899,1.54769,0.054711,87.4527,22.1037,211.99200000000002,77.0211,0.48164909218621116,0
0.0815704,0.134929,1.15982,0.054711,87.3814,22.0922,220.88299999999998,77.9791,0.44259962766500904,0
0.0817937,0.13355699999999998,1.90362,0.38263800000000003,87.4763,22.0959,230.233,77.0,0.48511771735370063,0
0.0813086,0.137028,1.6999099999999998,0.054711,87.5027,22.0951,244.222,77.0,0.48413108820908735,0
0.0824638,0.132893,1.12235,0.054711,87.4813,22.0952,213.636,77.0,0.4738855198756599,0
0.08077999999999999,0.136685,1.76256,-0.27321599999999996,87.4215,22.0974,239.515,77.0,0.42626289026039754,0
0.0821191,0.130528,0.711288,0.054711,87.2595,22.1025,214.548,77.0211,0.3995242509395274,0
0.0811077,0.13666199999999998,2.1445,-0.601143,87.4202,22.1021,240.053,77.9585,0.47035358655931137,0
0.0817677,0.13622,1.90598,0.054711,87.5731,22.0959,230.497,76.0211,0.5296030641921601,0
0.0822765,0.131418,0.972083,0.054711,87.4839,22.0959,230.208,77.0,0.4779213255241766,0
0.0805284,0.13641099999999998,0.9822489999999999,0.054711,87.4517,22.0936,217.88400000000001,77.0,0.46353153114725026,0
0.08224169999999999,0.130457,1.1774,0.054711,87.2861,22.1031,240.604,77.0,0.40375993857049447,0
0.0808265,0.136654,1.7617200000000002,0.054711,87.397,22.0973,229.003,77.0,0.4359986953510649,0
0.08145110000000001,0.13538499999999998,0.8667020000000001,0.054711,87.4497,22.087,214.023,76.9791,0.46240071260065896,0
0.0815284,0.131636,1.8930200000000001,-0.27321599999999996,87.2713,22.0978,205.947,76.0211,0.3727533476043419,0
0.08063250000000001,0.13693,2.0348900000000003,0.38263800000000003,87.4584,22.0867,222.36599999999999,77.0,0.45207912301188374,0
0.0818672,0.130173,1.73833,-0.27321599999999996,87.3398,22.0952,236.125,77.0,0.42897319980231,0
0.081135,0.13506600000000002,1.21326,-0.27321599999999996,87.5165,22.0952,230.47400000000002,77.0,0.5060526313865533,0
0.0816278,0.131435,0.706889,0.38263800000000003,87.336,22.081999999999997,209.91299999999998,77.0,0.4132143803244877,0
0.0807679,0.13617100000000001,1.97315,0.054711,87.8608,22.079,229.78900000000002,77.0,0.6874304381304848,0
0.08152569999999999,0.13180899999999998,0.9793379999999999,0.054711,87.4885,22.0929,222.041,77.0,0.46944642423198507,0
0.0812813,0.13391199999999998,2.16796,0.054711,87.212,22.0912,242.984,76.9791,0.336770552034615,0
0.0814692,0.13755799999999999,2.1156099999999998,0.38263800000000003,87.4115,22.0886,229.203,76.0211,0.43048736644431795,0
0.08154639999999999,0.132403,1.86112,0.054711,87.3477,22.0866,230.364,77.0,0.40635237656061246,0
0.08080760000000001,0.135973,1.93858,0.054711,87.7701,22.0866,204.755,77.0,0.635436330589886,0
0.0820442,0.132864,1.77795,0.054711,87.3814,22.0969,216.891,77.0,0.4325239412365509,0
0.08136510000000001,0.134596,1.00237,0.054711,87.9515,22.0856,221.313,77.0,0.7446927424421156,0
0.0818469,0.137405,1.67497,0.054711,87.7387,22.0843,226.21599999999998,77.0211,0.6317535597677694,0
0.0820873,0.131299,1.51936,-0.27321599999999996,87.314,22.0932,231.768,77.9791,0.3711111071318613,0
0.0804638,0.137537,1.7950599999999999,0.054711,87.7605,22.1014,233.079,77.0,0.6390043440472819,0
0.08219610000000001,0.130967,1.84637,0.054711,87.6523,22.1015,245.112,77.0,0.5865718911436995,0
0.0813443,0.13764200000000001,1.81525,0.054711,87.7701,22.1015,234.18599999999998,77.0,0.652702943811663,0
0.081625,0.136192,1.87913,0.054711,87.5495,22.0888,206.673,77.0211,0.502379331657397,0
0.0821028,0.13020299999999999,1.8666599999999998,-0.601143,87.5457,22.0904,215.01,77.9791,0.5535923340139696,0
0.080885,0.136318,1.66983,0.054711,87.9225,22.0921,238.87099999999998,77.0,0.7117127570233879,0
0.0821118,0.13128399999999998,1.56028,0.054711,87.7106,22.0818,232.084,77.0,0.6161016873908984,0
0.08179789999999999,0.134181,1.6939400000000002,0.38263800000000003,87.6401,22.0933,235.16400000000002,77.9791,0.5668723316770531,0
0.0816056,0.132047,1.7842200000000001,-0.601143,87.5473,22.0828,242.045,77.0,0.5606058793743665,0
0.081191,0.135495,1.60064,0.054711,87.6137,22.0925,216.55599999999998,77.0,0.5528258115414318,0
0.08169,0.13250399999999998,1.81572,0.054711,87.7397,22.0929,212.63,77.0,0.6092769714499436,0
0.08107760000000001,0.136927,1.19925,0.38263800000000003,87.6579,22.0929,250.22299999999998,77.0,0.5597468833874902,0
0.0820132,0.13233699999999998,1.0961100000000001,-0.27321599999999996,87.7387,22.0811,236.333,77.0,0.6241932615047313,0
0.0813065,0.133881,1.7205400000000002,-0.27321599999999996,87.6093,22.0875,242.433,77.0,0.5538964759237882,0
0.0815462,0.13336199999999998,1.9745400000000002,0.054711,87.6283,22.0867,250.05599999999998,77.0,0.5482459373359871,0
0.08148989999999999,0.131381,1.61714,-0.27321599999999996,87.40899999999998,22.0901,223.15099999999998,77.0,0.44744664479496066,0
0.0812573,0.137699,1.75027,0.054711,87.6093,22.0905,234.18400000000003,77.0,0.5430071436537962,0
0.0822982,0.1298,1.0319399999999999,0.054711,87.5947,22.0803,223.576,77.0,0.5586583765713776,0
0.0810097,0.1367,1.77605,0.054711,87.5257,22.0958,229.114,77.0,0.5024679661134386,0
0.08165080000000001,0.130601,1.16154,0.054711,87.5989,22.0921,243.457,77.0,0.5408234623308633,0
0.08167769999999999,0.135024,1.09968,0.054711,87.7554,22.0921,235.296,77.0,0.6382698766250335,0
0.0814222,0.135798,1.84559,0.054711,87.5137,22.0886,246.421,77.0211,0.4875154317297039,0
0.0820722,0.130064,1.1903700000000002,-0.27321599999999996,87.4679,22.0818,245.99900000000002,77.9791,0.5038926697153433,0
0.0807314,0.135853,1.16104,0.054711,87.4265,22.0884,234.41299999999998,77.0,0.438747706952822,0
0.0815868,0.130689,1.74299,-0.27321599999999996,87.536,22.0845,234.907,76.9791,0.5312658223014545,0
0.08158460000000001,0.13511099999999998,1.67818,0.054711,87.571,22.0826,229.112,76.0,0.5378260628643247,0
0.0821305,0.131313,0.723003,-0.27321599999999996,87.4668,22.0763,219.368,75.9791,0.5272542273996574,0
0.0808587,0.133749,1.65455,-0.27321599999999996,87.3743,22.0763,236.734,75.0,0.5713728342179927,0
0.08163580000000001,0.130011,1.6033600000000001,0.38263800000000003,87.3515,22.0892,231.55599999999998,74.9791,0.5143096194436442,0
0.0812938,0.133632,1.84917,0.054711,87.3137,22.0836,238.765,74.0211,0.6807048496931329,0
0.0812619,0.133786,1.57426,0.38263800000000003,87.2985,22.0739,239.292,75.0211,0.5383477819579834,0
0.08212539999999999,0.12954000000000002,1.7042700000000002,0.38263800000000003,87.5577,22.0804,231.31900000000002,75.9791,0.5554402714007387,0
0.08051280000000001,0.135217,1.00013,-0.27321599999999996,87.5083,22.0823,233.295,75.0211,0.6341048489474169,0
0.0817216,0.129909,1.7234,0.054711,87.3412,22.0736,230.658,76.0,0.4608842366247315,0
0.0814235,0.132744,1.6266100000000001,0.054711,87.2653,22.079,222.515,76.0,0.36758553337167293,0
0.0815125,0.133957,0.804705,-0.27321599999999996,87.3114,22.079,214.80599999999998,76.0,0.4556912799245599,0
0.0824044,0.129384,0.918692,0.054711,87.4469,22.0787,212.824,75.9791,0.5268144169181485,0
0.0808279,0.135526,1.19684,0.054711,87.2894,22.0819,241.73,75.0211,0.5150939099833323,0
0.0820082,0.129638,1.02682,0.054711,87.4041,22.0825,228.15,75.9791,0.46797947546627605,0
0.081276,0.133915,2.06638,-0.27321599999999996,87.4579,22.0797,239.331,75.0211,0.5931109094886019,0
0.08145039999999999,0.133175,1.74355,0.054711,87.2853,22.0803,233.421,75.9791,0.37726573664531743,0
0.08200310000000001,0.12962,1.73355,0.054711,87.1798,22.0814,214.69099999999997,75.0,0.47867083533869187,0
0.0805286,0.134725,1.7264700000000002,0.38263800000000003,87.4725,22.0749,237.268,75.0,0.6421831650595639,0
0.081893,0.128841,1.8561900000000002,0.38263800000000003,87.2282,22.0792,207.636,75.0,0.5511670335189873,0
0.0814564,0.133242,1.8137599999999998,0.38263800000000003,87.2724,22.0792,241.84,75.0,0.5000044439994417,0
0.0818699,0.128194,1.54519,0.054711,87.2533,22.0824,215.442,75.0,0.5444154214176528,0
0.0808133,0.13408299999999998,1.4239700000000002,0.38263800000000003,87.4016,22.0762,225.27,75.0,0.5840237064142444,0
0.08178510000000001,0.130053,1.6925299999999999,0.054711,87.1821,22.0814,229.804,75.0211,0.4476203046011597,0
0.08139810000000001,0.13153900000000002,1.94527,-0.27321599999999996,87.1743,22.0845,230.524,75.9791,0.31895662055911717,0
0.0812732,0.135259,2.19826,0.054711,87.2058,22.0792,211.08,75.0,0.5143941758525415,0
0.0814396,0.12946,2.2055,-0.27321599999999996,87.228,22.0848,243.495,75.0,0.5218322243919337,0
0.08183760000000001,0.13038,1.53667,-0.27321599999999996,86.99600000000002,22.0848,225.09,75.0,0.38905591938164946,0
0.08077310000000001,0.13377,1.9265700000000001,0.38263800000000003,87.0197,22.0775,227.137,75.0,0.45164537820926226,0
0.08255660000000001,0.128717,1.5190299999999999,0.054711,86.9607,22.0774,229.667,75.0,0.4597200871173426,0
0.0807085,0.13528900000000002,2.34786,0.054711,87.0832,22.0854,254.065,75.0,0.5130595342954171,0
0.081286,0.13103299999999998,1.62519,0.054711,87.0005,22.0751,206.261,75.0211,0.4472016486847234,0
0.0817275,0.12928499999999998,1.62104,-0.601143,86.9317,22.0883,230.09,75.9791,0.3306374401577327,0
0.08061710000000001,0.134216,1.5340200000000002,0.054711,86.5181,22.0866,224.215,75.0,0.38522582717443693,0
0.0823415,0.12906900000000002,1.97348,0.38263800000000003,86.4745,22.0807,230.632,75.0211,0.42284572738115644,0
0.0809058,0.13275499999999998,1.8010700000000002,0.38263800000000003,86.3811,22.0797,227.604,75.9791,0.24162396874677658,0
0.08167560000000001,0.133689,1.45765,0.38263800000000003,86.3416,22.0797,231.072,75.0211,0.39018409665977205,0
0.08158939999999999,0.129497,1.6938099999999998,0.054711,86.7194,22.0853,230.672,76.0,0.20283407269966605,0
0.0819059,0.130017,1.4741,0.054711,86.3271,22.0882,223.66299999999998,75.0211,0.383228412849283,0
0.0814088,0.129661,1.75511,-0.27321599999999996,86.8736,22.0853,230.429,75.9791,0.2440406439209746,0
0.080946,0.136148,1.76978,-0.27321599999999996,86.4303,22.0952,240.952,75.0,0.3678758486915564,0
0.0815268,0.128841,1.54355,0.054711,86.2547,22.0904,235.003,75.0211,0.4346456025365683,0
0.0815909,0.13132,0.812159,-0.27321599999999996,86.5238,22.0727,234.16099999999997,75.9791,0.3030750519822416,0
0.08071410000000001,0.133035,1.7540799999999999,0.054711,86.6451,22.0847,220.979,75.0,0.3542950965183295,0
0.0825718,0.128377,0.706184,0.054711,86.2403,22.0873,219.17700000000002,75.0,0.5132004500522186,0
0.0802662,0.13244,1.8448799999999999,0.054711,86.1873,22.0873,243.96900000000002,75.0,0.4299637440423331,0
0.0813155,0.13128499999999999,1.94042,0.054711,86.2403,22.0845,242.005,75.0211,0.38686069354170516,0
0.0812373,0.12826500000000002,1.96717,-0.27321599999999996,86.7268,22.0773,230.85299999999998,75.9789,0.35235778351460706,0
0.08094860000000001,0.13276,1.72921,0.054711,86.2103,22.0894,227.956,75.0,0.3719382493228852,0
0.0812055,0.130754,1.72475,0.054711,86.1246,22.0888,239.63400000000001,75.0214,0.35626571696835657,0
0.0822735,0.128331,1.70891,0.38263800000000003,86.1082,22.0858,207.011,75.9789,0.3429642405995238,0
0.0803385,0.131557,0.640734,0.054711,86.00399999999998,22.0804,219.02900000000002,75.0,0.45867835645645205,0
0.0805975,0.12798199999999998,1.13941,0.054711,85.9023,22.0865,230.011,75.0,0.46985624270884896,0
0.0805935,0.12695,1.6989599999999998,0.054711,86.1159,22.0799,233.68099999999998,75.0,0.5376525686953906,0
0.08072289999999999,0.126692,1.19226,-0.27321599999999996,85.9178,22.0823,232.38299999999998,74.9789,0.5444227615472211,0
0.081023,0.128437,1.18991,-0.27321599999999996,85.9937,22.0823,204.355,74.043,0.6793619000094381,0
0.08147639999999999,0.128651,1.7092900000000002,0.054711,85.8733,22.0896,226.06599999999997,74.0214,0.6083558658398632,0
0.08178010000000001,0.12825799999999998,1.3333700000000002,0.710565,86.0166,22.0864,246.382,75.0,0.47539303890001283,0
0.0806157,0.12931199999999998,1.6635900000000001,-0.27321599999999996,85.8985,22.0866,240.44799999999998,75.0,0.4180627321883404,0
0.080703,0.13011099999999998,1.9313900000000002,-0.27321599999999996,85.8605,22.0785,231.97799999999998,74.9789,0.42172698559312727,0
0.0807967,0.12809600000000002,1.2076799999999999,0.054711,85.6969,22.0888,232.31599999999997,74.043,0.652385644616314,0
0.0817566,0.128475,1.21738,0.38263800000000003,85.8722,22.0842,237.262,75.9789,0.29042415170022495,0
0.0799512,0.131248,1.1775799999999998,0.054711,85.7585,22.0903,242.736,74.9789,0.4475900209114676,0
0.0813735,0.12884400000000001,1.993,0.054711,85.7361,22.0789,232.725,74.0214,0.6288683760773685,0
0.0819997,0.12792699999999999,1.18288,0.054711,85.6952,22.0901,214.795,74.9789,0.47091998699499066,0
0.080569,0.130699,1.2812299999999999,0.054711,85.9142,22.0838,230.604,75.0,0.37312424245674586,0
0.0811816,0.127528,2.29987,-0.601143,85.8474,22.0817,253.74099999999999,74.9789,0.5857030038456644,0
0.0816494,0.12925,1.8159599999999998,-0.601143,85.7183,22.0828,226.79,74.0214,0.6462732304896056,0
0.0801468,0.131925,1.1611,0.38263800000000003,85.7911,22.0828,233.89,75.0,0.4177294510284051,0
0.08230950000000001,0.12781900000000002,1.72225,0.054711,85.8459,22.0813,235.025,75.0,0.4511626267146561,0
0.0817756,0.129897,1.53136,-0.27321599999999996,85.6794,22.0881,252.74200000000002,75.0,0.407792989364715,0
0.08134060000000001,0.132302,1.45182,0.38263800000000003,85.859,22.0788,214.43900000000002,75.0,0.36654144715381487,0
0.08118289999999999,0.129897,1.39198,0.054711,85.79299999999998,22.0767,232.09799999999998,75.0,0.3885757003682685,0
0.0819924,0.127251,1.65713,0.38263800000000003,85.5478,22.0823,235.95,74.9789,0.5178760458808757,0
0.0804155,0.133827,1.30864,0.054711,85.6626,22.0815,229.13,74.0214,0.6261352042645099,0
0.08187489999999999,0.130198,1.47589,0.054711,85.7263,22.0811,205.10299999999998,75.0,0.4053748231737853,0
0.0817853,0.130046,1.3009,-0.27321599999999996,85.815,22.081,222.61900000000003,75.0,0.3762184099495158,0
0.0810587,0.13281300000000001,1.56428,-0.27321599999999996,85.7333,22.081,227.02599999999998,75.0,0.36378842614693857,0
0.080665,0.13082,1.1034899999999999,-0.27321599999999996,85.6824,22.0817,218.835,75.0,0.42138471532563826,0
0.0817654,0.127944,2.0453200000000002,0.38263800000000003,85.7215,22.0751,227.643,75.0,0.4934146565506419,0
0.08020039999999999,0.13481500000000002,1.71176,0.054711,85.775,22.0724,223.989,75.0,0.4811674549481504,0
0.08178660000000001,0.13033,1.60719,0.38263800000000003,85.5748,22.084,238.18900000000002,74.9789,0.38977100335789167,0
0.08181669999999999,0.13109,1.6282299999999998,-0.27321599999999996,85.573,22.0918,205.041,74.0214,0.6205948108796724,0
0.0808464,0.13277,1.65785,0.054711,85.7593,22.0788,235.83,75.0,0.3652011250725767,0
0.0817323,0.12958599999999998,1.97425,-0.601143,85.649,22.0759,228.407,75.0,0.4951754860890748,0
0.0801883,0.134669,1.7004599999999999,-0.27321599999999996,85.5768,22.0753,227.75,75.0,0.510465747577034,0
0.08210830000000001,0.13114,1.9176099999999998,0.054711,86.0037,22.0711,222.03099999999998,75.0,0.4079954443381483,0
0.08152410000000003,0.130854,1.7537900000000002,0.054711,85.8913,22.0711,238.66299999999998,75.0,0.40151235678423575,0
0.0802132,0.135215,1.7821599999999995,0.38263800000000003,85.7574,22.0857,225.752,74.9789,0.4264182475966892,0
0.08151939999999999,0.12950699999999998,1.32521,-0.27321599999999996,86.1247,22.0739,206.425,74.0214,0.6761353959422348,0
0.0815357,0.131667,1.80843,-0.27321599999999996,85.8379,22.0742,231.986,75.0,0.38725960865568876,0
0.0810923,0.134338,1.15669,0.054711,86.2574,22.0843,215.044,74.9789,0.4398969380166611,0
0.0828549,0.131638,2.14266,-0.601143,86.0675,22.0821,241.1,74.0,0.6679567356964412,0
0.08137260000000003,0.131424,1.95333,-0.27321599999999996,86.02,22.0955,228.977,74.0214,0.5674229299648356,0
0.0807023,0.13342,1.86565,0.38263800000000003,85.9832,22.0831,236.915,74.9789,0.38397201993087693,0
0.0816012,0.128225,1.99902,0.054711,86.2246,22.0887,222.635,74.0214,0.6583142949250185,0
0.081221,0.134104,1.9964099999999998,0.054711,85.8419,22.101999999999997,238.979,75.0,0.39609437239642475,0
0.08090599999999999,0.134167,1.9383700000000001,-0.27321599999999996,86.1757,22.0919,224.37099999999998,74.9789,0.4054365789994134,0
0.0824559,0.129748,1.94392,-0.27321599999999996,86.2844,22.0919,230.90200000000002,74.0,0.6354851325042892,0
0.08072810000000001,0.133876,0.930624,-0.27321599999999996,86.3448,22.0914,214.59,74.0214,0.6498926244230934,0
0.0812178,0.132132,1.86122,-0.27321599999999996,86.3217,22.0877,221.202,75.0,0.38042888884629833,0
0.0802896,0.135916,1.74564,0.054711,86.2999,22.0974,228.405,74.9789,0.45877162453886455,0
0.0824249,0.13126400000000002,1.72602,0.054711,86.4693,22.0788,217.485,74.0,0.6020649432819382,0
0.0810082,0.132616,1.9644400000000002,0.054711,86.3658,22.0912,245.69099999999997,74.0214,0.6130217986348254,0
0.0805543,0.13329100000000002,1.7504400000000002,0.054711,86.0207,22.0912,230.38400000000001,74.9789,0.37503230164603135,0
0.08210089999999999,0.128807,1.94461,0.054711,86.3624,22.0882,232.44799999999998,74.0214,0.6322988073368944,0
0.0805959,0.136113,0.843585,0.054711,86.3896,22.0894,224.34900000000002,74.9789,0.4287735451580629,0
0.0817033,0.133667,2.0200099999999996,0.054711,86.4716,22.09800000000001,225.335,74.0214,0.5988285576801703,0
0.0820277,0.130842,1.39848,0.054711,86.2435,22.0901,233.673,75.0,0.375395713669102,0
0.0802901,0.134534,1.8599,0.38263800000000003,86.4967,22.0874,244.472,74.9789,0.4490814264905504,0
0.0817625,0.13081500000000001,1.33386,0.054711,86.4582,22.0911,234.82299999999998,74.0214,0.5741656755664379,0
0.0815201,0.131716,1.62148,0.38263800000000003,86.3892,22.0832,247.578,75.0,0.379512128821881,0
0.0807948,0.136415,1.56324,0.38263800000000003,86.5707,22.0832,242.625,75.0,0.36949394418701365,0
0.0824813,0.132605,1.86643,0.054711,86.6185,22.0874,229.861,75.0,0.32490453434170524,0
0.08092250000000001,0.13231199999999999,1.18864,0.38263800000000003,86.6119,22.0935,237.15099999999998,75.0,0.34084804584274303,0
0.08144889999999999,0.132484,1.80073,0.054711,86.4925,22.0908,243.718,75.0,0.3419012775033714,0
0.081713,0.131395,1.0338200000000002,0.054711,86.7081,22.0892,230.347,75.0214,0.3227097787230664,0
0.08022989999999999,0.135698,1.76915,-0.27321599999999996,86.554,22.0859,227.255,75.9789,0.24059363480712267,0
0.0823453,0.132328,1.05114,0.054711,86.5538,22.0959,233.22099999999998,75.0,0.3572605890913848,0
0.0810067,0.133547,2.15033,0.054711,86.6717,22.0959,248.47099999999998,74.9789,0.4117942251112941,0
0.0810291,0.134198,1.11189,-0.27321599999999996,86.7678,22.0939,237.18599999999998,74.043,0.5922566942295602,0
0.0820842,0.136688,1.86244,0.054711,86.6589,22.0927,233.11700000000002,74.0214,0.5613961136253525,0
0.0819971,0.133418,1.30339,-0.27321599999999996,86.6448,22.0911,252.485,75.0,0.36853868124673533,0
0.081566,0.131222,2.1276900000000003,0.054711,86.7775,22.092,246.567,75.0,0.37022750681029576,0
0.08088089999999999,0.135727,1.44034,0.054711,86.7255,22.0884,236.918,74.9789,0.3540995740793377,0
0.08203930000000001,0.12978699999999999,1.39849,-0.27321599999999996,86.9672,22.0921,206.07299999999998,74.0214,0.6372568381614758,0
0.08104539999999999,0.134394,1.41878,0.38263800000000003,87.0085,22.0775,230.977,75.0,0.44513045509846777,0
0.08132610000000001,0.136687,1.52522,0.38263800000000003,86.8437,22.0856,230.78900000000002,75.0,0.33145430648777013,0
0.0823124,0.13156800000000002,2.2476,0.38263800000000003,86.9084,22.0874,250.428,75.0,0.414647907882216,0
0.0804997,0.135099,0.675114,0.054711,86.9789,22.0844,208.667,75.0,0.5091122211206134,0
0.0817863,0.131046,1.87087,0.054711,87.1439,22.0844,230.199,74.9789,0.4203791514605933,0
0.0821641,0.13194,1.8025799999999998,0.054711,86.94,22.0884,247.672,74.0,0.6014393608001364,0
0.0806003,0.13741199999999998,1.8052599999999999,0.38263800000000003,87.145,22.0756,237.142,74.0,0.6817152498357308,0
0.0823108,0.13133499999999998,2.2568099999999998,-0.27321599999999996,87.0926,22.0867,247.727,74.0214,0.6573474171950973,0
0.08107139999999999,0.132863,1.6675,-0.27321599999999996,87.0175,22.0899,226.707,74.9789,0.38469218295035157,0
0.0809063,0.133938,1.93375,0.054711,86.9714,22.0846,228.093,74.0214,0.6137704361992569,0
0.0820379,0.130604,1.9059099999999998,0.054711,86.9852,22.0915,236.032,74.9789,0.38716533701307065,0
0.08077310000000001,0.136545,1.0890600000000001,-0.601143,87.0366,22.0952,232.067,74.0214,0.6464999631983771,0
0.08107289999999999,0.131966,1.1414,-0.601143,86.8146,22.0952,221.885,74.9789,0.3925574576326599,0
0.0809399,0.134601,1.9018400000000002,0.710565,87.1179,22.0792,225.394,74.0214,0.7010276765416414,0
0.08179299999999999,0.130945,1.9042,0.054711,87.1837,22.0891,224.942,75.0,0.43362465532574074,0
0.0812211,0.135048,1.85045,0.054711,87.287,22.0896,248.40099999999998,75.0,0.516622128921364,0
0.0817097,0.135667,1.9181700000000002,0.054711,86.7999,22.0875,209.55200000000002,74.9789,0.37676555559483443,0
0.08123369999999999,0.130641,1.97248,0.710565,86.8625,22.0907,230.667,74.0214,0.6057033628327536,0
0.08120269999999999,0.135157,2.0508,0.054711,87.2514,22.0808,223.183,74.9789,0.5037188972532473,0
0.08167100000000001,0.133049,1.10321,0.38263800000000003,86.6801,22.0957,219.465,74.0214,0.5713344374941518,0
0.08147080000000001,0.132298,2.13118,0.38263800000000003,87.1179,22.0957,243.558,75.0214,0.4254249569145709,0
0.081702,0.137226,2.04809,-0.27321599999999996,87.2509,22.1033,251.447,75.9581,0.36596140095657503,0
0.08158439999999999,0.13175499999999998,1.6360299999999999,0.054711,87.40299999999998,22.0905,232.497,74.0214,0.6879346901111147,0
0.081469,0.133406,2.23686,0.054711,87.2621,22.0916,241.55200000000002,75.0,0.4958150620229713,0
0.0812128,0.133865,1.9746,0.054711,87.39399999999998,22.1008,229.55599999999998,75.0,0.5596765006624054,0
0.0817294,0.131397,2.23722,-0.27321599999999996,87.3421,22.0961,250.07,75.0,0.5348489329024835,0
0.0815966,0.137787,2.05301,0.38263800000000003,87.3756,22.1051,232.31400000000002,74.9789,0.5158380484531652,0
0.0817341,0.13272899999999999,0.7628010000000001,0.054711,86.8767,22.107,206.12099999999998,74.0214,0.6416080770964361,0
0.081636,0.132801,1.6412099999999998,0.054711,86.991,22.107,227.62400000000002,75.0,0.3672675216192017,0
0.08124810000000003,0.13434100000000002,1.72049,0.38263800000000003,86.884,22.1137,235.245,74.9789,0.377733220839711,0
0.0809167,0.136228,1.8723400000000001,-0.27321599999999996,86.9666,22.1058,240.98,74.0214,0.6066120342074085,0
0.0815062,0.132968,1.25789,-0.601143,87.0996,22.1047,231.47299999999998,75.0,0.4336129394398356,0
0.08173889999999999,0.131388,1.50088,0.054711,86.992,22.1095,221.28400000000002,74.9789,0.3708341233237193,0
0.08041369999999999,0.135274,2.25597,0.054711,86.9829,22.1049,236.044,74.0214,0.6710963527037791,0
0.0814946,0.130824,1.91625,0.38263800000000003,86.9706,22.1052,242.937,75.0,0.38378043481611906,0
0.0812496,0.136178,1.6657400000000002,0.38263800000000003,87.1345,22.1052,212.12900000000002,75.0,0.4355645333178728,0
0.08148960000000001,0.134232,2.08419,0.38263800000000003,86.96799999999998,22.1061,230.93099999999998,74.9789,0.39921828957618716,0
0.0820554,0.131639,1.55151,0.054711,87.1641,22.1076,226.96099999999998,74.0214,0.6243422434245156,0
0.08017139999999999,0.13630499999999998,1.6064,-0.27321599999999996,87.0542,22.1081,234.69299999999998,74.9789,0.45157474204819237,0
0.0816472,0.130677,1.8731799999999998,-0.601143,87.0748,22.1057,237.09400000000002,73.9789,0.6449805297756013,0
0.0811483,0.136552,1.83982,0.054711,87.0048,22.1102,252.477,73.0431,0.8578231570698592,0
0.08126180000000001,0.134499,1.84093,0.38263800000000003,87.1211,22.1063,236.868,74.9789,0.44569451439289054,0
0.08210010000000001,0.131172,1.64263,0.054711,87.0894,22.1064,234.604,74.0,0.6196045330488895,0
0.0803046,0.135536,1.88675,0.054711,87.0698,22.1095,228.89700000000002,74.0,0.6631135355266883,0
0.08184169999999999,0.129855,0.6866,0.054711,87.1491,22.0946,223.66099999999997,74.0,0.6852137768764422,0
0.0810807,0.136351,1.10409,0.054711,87.2024,22.0946,222.58900000000003,73.9789,0.6671781146591663,0
0.08133639999999999,0.135299,1.08924,0.054711,87.1764,22.0972,229.84599999999998,73.0214,0.8841809625355351,0
0.0816884,0.130681,0.985323,-0.27321599999999996,87.1246,22.1049,208.19,73.9789,0.6690801313972338,0
0.0813551,0.13089,1.0484,0.38263800000000003,87.0735,22.0942,227.81099999999998,74.0,0.6229649476306213,0
0.08128660000000001,0.132826,0.940883,-0.27321599999999996,87.1177,22.09800000000001,216.71599999999998,73.9789,0.6503241738908128,0
0.08126339999999999,0.136918,1.7300799999999998,0.054711,87.2764,22.0979,220.515,73.0,0.8984969833294779,0
0.08177480000000001,0.13112200000000002,0.8871540000000001,-0.601143,87.2686,22.1074,212.3,73.0,0.9293108004063004,0
0.08169589999999999,0.132666,0.8710540000000001,-0.601143,87.2694,22.1074,215.51,73.0,0.9238297022059926,0
0.0806888,0.134494,1.00779,0.054711,87.1317,22.1023,230.345,73.0,0.9111153945893807,0
0.0819049,0.129814,1.7833700000000001,-0.27321599999999996,87.0832,22.1012,236.38400000000001,73.0,0.8625353827296453,0
0.08043860000000001,0.13666199999999998,1.51394,0.054711,87.1293,22.1008,237.77700000000002,73.0,0.8986527097054491,0
0.08173860000000001,0.13281300000000001,1.02735,0.38263800000000003,87.1624,22.101,225.61700000000002,72.9789,0.8739935708135256,0
0.08201130000000001,0.1315,1.69635,0.054711,87.0129,22.0976,229.429,72.0,1.093081486074003,0
0.08020260000000001,0.135904,1.54715,-0.27321599999999996,87.1518,22.1134,227.206,72.0214,1.1338530111589362,0
0.08209119999999999,0.130383,1.92894,-0.601143,87.0193,22.0996,230.635,72.9789,0.8708354246394968,0
0.0806528,0.135183,1.57174,-0.601143,87.8527,22.0996,231.925,72.0,1.2893470473930944,0
0.08190130000000001,0.13461199999999998,1.86011,0.054711,87.2289,22.1085,217.66099999999997,72.0214,1.1302509957018634,0
0.08139450000000001,0.130745,1.93937,-0.27321599999999996,87.2706,22.1082,235.84900000000002,72.9789,0.8969492987755456,0
0.08101130000000001,0.134801,1.8129099999999998,0.054711,87.1181,22.0987,232.831,72.0214,1.1220614767087451,0
0.0810358,0.133679,1.8517400000000002,0.054711,87.2218,22.0938,233.174,72.9581,0.8993290095197857,0
0.08198539999999999,0.130175,2.21044,0.054711,87.0498,22.1164,253.11700000000002,71.9789,1.1372249055964405,0
0.08136360000000001,0.13269,1.17249,0.054711,87.1908,22.0988,219.111,71.0431,1.360061680799107,0
0.0818038,0.13128900000000002,2.03092,0.054711,87.2781,22.1026,252.81900000000002,72.9581,0.9366400721447802,0
0.0798858,0.13633499999999998,1.93115,0.054711,87.1487,22.1026,237.00799999999998,71.0,1.404227343357879,0
0.0819824,0.12978399999999998,1.88897,0.054711,87.1947,22.1012,237.14700000000002,71.0,1.3793791500355632,0
0.080404,0.135148,1.65966,0.054711,87.3065,22.101999999999997,226.498,71.0,1.4063934561432498,0
0.0809001,0.13519,1.2416200000000002,-0.27321599999999996,87.2791,22.1017,225.857,71.0,1.3826391618418317,0
0.08142719999999999,0.12995,1.78463,-0.27321599999999996,87.3914,22.0914,219.727,71.0,1.396767093679145,0
0.0811013,0.132777,2.2805299999999997,-0.27321599999999996,87.234,22.1046,249.928,70.9789,1.396567454326426,0
0.0806565,0.134261,1.84192,0.054711,87.2135,22.0966,235.86599999999999,70.0214,1.626511410170479,1
0.08137280000000001,0.13047899999999998,1.98758,-0.27321599999999996,87.4881,22.1038,233.146,71.0,1.4097368734827158,0
0.080426,0.136495,1.9440099999999998,0.38263800000000003,87.3454,22.0976,212.733,71.0,1.4098233569482135,0
0.0810818,0.13208,2.11901,0.38263800000000003,87.65100000000002,22.0976,244.921,71.0,1.450774948203285,0
0.08138830000000001,0.130064,1.7704799999999998,0.054711,87.8466,22.0909,224.513,71.0,1.4874844999584833,0
0.08016770000000001,0.13636800000000002,2.2086099999999997,-0.27321599999999996,87.7976,22.0992,244.48,71.0214,1.5048738431883801,0
0.0817092,0.130628,1.92298,-0.27321599999999996,87.2947,22.0947,230.86,71.9581,1.1406133884037208,0
0.0811878,0.132966,1.8935799999999998,-0.601143,87.5545,22.0957,231.342,70.0431,1.65821509426822,1
0.0806692,0.136032,1.2380200000000001,-0.27321599999999996,87.8195,22.0965,253.19299999999998,71.9789,1.2871823869796726,0
0.0814173,0.131119,2.03457,0.054711,87.8107,22.0886,236.304,71.0,1.4769686167418428,0
0.0807432,0.135208,2.05924,-0.27321599999999996,87.9013,22.0945,241.977,71.0,1.5182947331897612,0
0.08211510000000001,0.131029,1.95295,-0.27321599999999996,87.7165,22.0945,226.46599999999998,71.0214,1.447820603690725,0
0.08064199999999999,0.135729,2.00435,-0.27321599999999996,87.8389,22.0899,226.295,71.9789,1.2821831474705383,0
0.0810568,0.132635,1.9241700000000002,0.38263800000000003,87.7481,22.0892,234.28400000000002,71.0,1.4620056602295979,0
0.0822548,0.130885,1.6664,0.38263800000000003,87.8497,22.0788,227.205,71.0,1.4912113669615326,0
0.08028450000000001,0.135791,1.91763,-0.27321599999999996,87.8326,22.0874,227.3,71.0,1.5052322811344387,0
0.082111,0.130382,1.79656,0.054711,87.8615,22.0871,221.255,71.0,1.4900191250667931,0
0.0807855,0.13286099999999998,1.09742,0.38263800000000003,87.89299999999999,22.0807,236.38299999999998,71.0,1.5111055779510991,0
0.0811091,0.13508299999999998,1.68248,0.38263800000000003,87.7326,22.0807,231.356,71.0,1.468089354181614,0
0.0812003,0.13007,1.2280200000000001,-0.601143,87.8526,22.0722,253.34400000000002,71.0,1.5477420991656856,0
0.08056619999999999,0.132487,1.5828200000000001,-0.27321599999999996,87.9128,22.0777,226.93599999999998,71.0214,1.5163690532688925,0
0.0807944,0.133286,1.2616100000000001,-0.27321599999999996,87.8701,22.0768,243.472,71.9789,1.3029469822711373,0
0.08130789999999999,0.131052,1.6269200000000001,0.054711,87.7278,22.0876,227.296,71.0,1.4514514644173562,0
0.0812309,0.135525,1.0892,0.054711,87.9267,22.0729,236.25400000000002,71.0,1.5260089415907736,0
0.08085139999999999,0.133697,1.72862,-0.27321599999999996,87.7697,22.0775,225.692,71.0,1.4851641445004937,0
0.0819706,0.13012200000000002,1.00127,-0.27321599999999996,87.7813,22.0818,225.15400000000002,71.0,1.4821139865795068,0
0.0804784,0.135706,1.10601,-0.27321599999999996,87.7787,22.0818,231.27599999999998,71.0,1.4929852389318352,0
0.0821443,0.130557,0.9237110000000001,0.054711,87.7215,22.0736,218.75799999999998,71.0214,1.4750130601281202,0
0.08097330000000001,0.134006,1.06587,0.054711,87.9298,22.0788,232.265,72.0,1.3055729667163511,0
0.0813794,0.12858,1.0418399999999999,0.054711,88.0308,22.0835,221.426,71.0,1.557367226109757,0
0.0801277,0.13636800000000002,1.75635,0.054711,87.9194,22.0862,227.84400000000002,71.0,1.5252751908079116,0
0.0817242,0.131598,1.5377399999999999,-0.27321599999999996,88.0438,22.0834,228.394,71.0,1.533748987649773,0
0.0817263,0.131525,1.16878,-0.601143,87.9556,22.0792,235.297,71.0214,1.5305615312717216,0
0.080356,0.137823,1.14822,-0.601143,88.086,22.0792,233.842,71.9789,1.390832901430508,0
0.08155830000000001,0.129528,1.17256,-0.27321599999999996,87.9413,22.0765,221.54,71.0,1.5321488842768087,0
0.0812768,0.134011,1.28362,-0.27321599999999996,87.9244,22.084,206.828,71.0214,1.522762359210515,0
0.0806164,0.13506600000000002,1.31211,0.054711,87.9399,22.0817,228.635,71.9789,1.3148069510429128,0
0.0823536,0.130482,1.31833,0.054711,88.133,22.0888,233.458,71.0,1.5633394564178031,0
0.080618,0.136032,1.45869,0.054711,88.0434,22.0752,210.90400000000002,71.0214,1.5623208283796068,0
0.0808454,0.132347,1.49567,0.054711,87.9521,22.0745,215.66099999999997,71.9789,1.3209344532064151,0
0.0818979,0.130902,1.95128,0.054711,88.0698,22.0786,223.31799999999998,71.0,1.5499121108578737,0
0.0801495,0.135901,1.65095,0.054711,87.8285,22.0786,227.40099999999998,71.0214,1.504052728815794,0
0.0827487,0.130941,2.13048,-0.601143,87.9936,22.0751,225.614,71.9789,1.3663345017968476,0
0.08111710000000001,0.13483900000000001,2.01114,0.054711,87.6487,22.0719,232.265,71.0,1.469044306457478,0
0.0800679,0.133653,1.9033799999999998,-0.27321599999999996,88.0253,22.0735,223.924,71.0214,1.577294022970618,0
0.081867,0.12978499999999998,1.53873,0.054711,87.8053,22.0831,223.63,71.9789,1.259429900086989,0
0.0800086,0.13181199999999998,1.6898900000000001,0.054711,87.9374,22.0769,225.57,71.0,1.5414984148810278,0
0.08168210000000001,0.13314600000000001,1.16134,0.38263800000000003,87.9666,22.0835,231.011,71.0214,1.5107626939322965,0
0.0804472,0.13611099999999998,1.96625,0.054711,87.5377,22.0762,232.898,71.9789,1.218009646711488,0
0.0817451,0.12958699999999998,1.7321799999999998,0.054711,87.2797,22.0639,216.051,71.0214,1.420936063970077,0
0.0810032,0.135025,1.98741,0.054711,87.5128,22.0639,235.081,71.9789,1.2450228303891264,0
0.0814398,0.133028,1.50498,0.054711,87.3655,22.0856,221.21,71.0,1.3818305570649732,0
0.082015,0.131698,1.95858,0.054711,87.3962,22.0821,242.918,71.0214,1.3894952159630916,0
0.0804637,0.13531600000000002,1.82722,0.054711,87.6744,22.0869,237.399,71.9789,1.2418124141248141,0
0.0810114,0.13107,1.09223,0.054711,87.2321,22.0953,235.38,71.0214,1.3711899561236707,0
0.0812332,0.132188,1.7427700000000002,0.38263800000000003,87.32600000000002,22.0833,229.04,71.9789,1.141069885126334,0
0.080602,0.135725,0.939047,0.054711,87.1425,22.0859,218.74900000000002,71.0,1.3817229689610744,0
0.0823909,0.131971,2.0098,0.054711,87.2038,22.0859,239.239,71.0214,1.3619801252671533,0
0.0810445,0.132616,1.7646,0.054711,87.3242,22.0696,224.503,71.9789,1.17159311567824,0
0.0806447,0.133885,0.795895,0.38263800000000003,87.3304,22.0785,212.94400000000002,71.0214,1.4221879563481987,0
0.0818529,0.1303,1.8050599999999999,0.38263800000000003,87.3023,22.076,228.342,71.9789,1.1544231521521922,0
0.0808549,0.136245,1.67413,0.054711,87.3751,22.0718,221.799,71.0,1.4116414428932307,0
0.0815919,0.133385,2.06765,0.054711,87.3059,22.0803,235.50599999999997,71.0214,1.3782531299608283,0
0.08189,0.130441,0.758714,0.38263800000000003,87.3055,22.0755,216.757,71.9789,1.1797793496390212,0
0.0816858,0.129276,0.970366,-0.27321599999999996,87.2673,22.0708,207.03799999999998,71.0,1.4325520692666385,0
0.08156519999999999,0.13289700000000002,1.39953,-0.27321599999999996,87.3273,22.0708,236.642,71.0,1.4028722572932304,0
0.0807169,0.136346,1.04109,0.710565,87.3377,22.0777,218.166,71.0214,1.4205281849290925,0
0.08231419999999999,0.130476,1.0352299999999999,0.38263800000000003,87.3228,22.0635,225.179,71.9789,1.2089798752414131,0
0.0804735,0.13467,1.7667400000000002,0.054711,87.2959,22.079,240.675,71.0214,1.4029719361945876,0
0.08116720000000001,0.131173,1.19204,0.054711,87.1766,22.0684,232.622,71.9789,1.152862212940108,0
0.08195169999999999,0.130751,1.12826,0.38263800000000003,87.1582,22.0595,228.479,71.0214,1.4182701810124703,0
0.08022230000000001,0.13453199999999998,1.06003,0.710565,87.1566,22.0723,209.41400000000002,71.9789,1.2235112829558865,0
0.0825615,0.131674,1.16516,0.38263800000000003,87.2234,22.0656,228.533,71.0,1.4104677079369279,0
0.0810865,0.132793,1.1656600000000001,0.054711,87.1243,22.0665,235.00400000000002,71.0214,1.3852328342063804,0
0.0808812,0.13314,0.652378,0.054711,87.2726,22.0665,253.051,71.9789,1.2208692178475142,0
0.08162739999999999,0.12976500000000002,1.19845,0.38263800000000003,87.1581,22.0857,204.862,71.0,1.3866241520233167,0
0.08080520000000001,0.13458699999999998,0.6357189999999999,-0.27321599999999996,87.2253,22.0699,207.079,71.0214,1.4461506463913305,0
0.08172339999999999,0.132213,1.36226,-0.27321599999999996,87.1058,22.0748,230.97299999999998,71.9789,1.1222503780375122,0
0.0814802,0.131418,1.19436,0.054711,87.2616,22.0615,228.52,71.0,1.4185855072670666,0
0.0811629,0.134269,1.2294200000000002,-0.27321599999999996,87.1294,22.0754,216.297,71.0214,1.3809126919870462,0
0.0814472,0.12946400000000002,0.97709,0.054711,87.1376,22.0723,218.50799999999998,71.9789,1.1572813445436732,0
0.0812405,0.13536600000000001,1.3341100000000001,0.054711,87.0434,22.0723,228.264,71.9789,1.1267062933153853,0
0.08211080000000001,0.130218,1.28786,-0.27321599999999996,87.2177,22.0613,227.627,71.0214,1.4209090866728329,0
0.08103769999999999,0.13143,1.09315,0.054711,87.0038,22.0688,227.392,72.0,1.1307380419383328,0
0.0809922,0.132177,1.61521,-0.27321599999999996,87.0893,22.0689,245.988,71.9787,1.1558816473614004,0
0.0820263,0.129878,1.64969,-0.27321599999999996,86.9571,22.0712,247.98,71.0,1.3793233473283932,0
0.0805396,0.135799,2.01419,0.38263800000000003,86.9553,22.06900000000001,230.403,71.0,1.3909376702347178,0
0.08215689999999999,0.131957,1.8058900000000002,0.054711,86.8981,22.0723,228.605,71.0216,1.3438131644015512,0
0.0815725,0.130125,0.697162,0.054711,86.8752,22.0656,217.03400000000002,71.9787,1.162724591290174,0
0.08041480000000001,0.132709,1.86687,0.38263800000000003,86.9475,22.0664,221.73,71.0216,1.3931003139480762,0
0.08210880000000001,0.12828599999999998,1.56284,0.38263800000000003,86.7766,22.0722,221.91299999999998,71.9787,1.1388329870782188,0
0.0807039,0.135784,2.0316099999999997,0.38263800000000003,86.7626,22.0722,229.76,71.0,1.3698658653415028,0
0.08207660000000001,0.13283,1.63209,0.054711,86.8469,22.0708,234.142,71.0216,1.3440326394780722,0
0.08172180000000001,0.12917599999999999,2.05477,0.054711,86.7793,22.0735,227.29,71.9787,1.1206763029306088,0
0.08079700000000001,0.134217,2.33121,0.054711,86.7662,22.0684,249.958,71.0,1.4014033852787737,0
0.0820438,0.128216,1.02154,0.054711,86.81299999999996,22.0648,230.831,71.0216,1.3948579281626785,0
0.08080599999999999,0.13426400000000002,1.4413200000000002,0.054711,86.8115,22.0612,227.737,71.9787,1.164371894958764,0
0.0815095,0.13361199999999998,1.87253,0.054711,86.6575,22.0724,205.53099999999998,71.0,1.3684941997803628,0
0.0818005,0.129821,1.7872299999999999,-0.27321599999999996,86.87799999999999,22.0598,228.40099999999998,71.0216,1.400100308097366,0
0.08064600000000001,0.133553,1.76138,-0.27321599999999996,86.7831,22.0608,231.15900000000002,71.9787,1.1743230876513837,0
0.081817,0.13025799999999998,2.0121599999999997,-0.27321599999999996,86.6389,22.0604,230.69799999999998,71.0,1.3991363181389855,0
0.0809314,0.13506700000000002,1.71984,-0.27321599999999996,86.7152,22.0604,233.46599999999998,71.0216,1.4007028962677215,0
0.08207350000000001,0.13063699999999998,1.7434599999999998,0.054711,86.5311,22.0708,231.22099999999998,72.0,1.1023970412646473,0
0.0812713,0.13037200000000002,1.92583,0.054711,86.5582,22.0619,228.91,71.9787,1.1495857309690836,0
0.080826,0.13336800000000001,1.11665,0.054711,86.5393,22.0658,208.697,71.0216,1.3895827443056141,0
0.0820765,0.12926400000000002,1.91813,-0.27321599999999996,86.4892,22.0545,235.327,72.0,1.20542278617122,0
0.0809543,0.133677,1.7439099999999998,-0.601143,86.5309,22.0621,224.872,71.9787,1.1890913303714044,0
0.08179,0.132662,1.9725700000000002,0.38263800000000003,86.7052,22.0665,238.61700000000002,71.0216,1.3645399169862946,0
0.0816614,0.128667,1.9038,0.054711,86.5415,22.0627,228.607,71.9787,1.1622514774109813,0
0.0806216,0.133876,1.60057,0.054711,86.4179,22.0627,223.764,71.0216,1.3943021975283894,0
0.081977,0.128361,1.7290900000000002,0.054711,86.5559,22.07,224.843,71.9787,1.1370868719562093,0
0.0812447,0.132963,2.22175,0.054711,86.7474,22.061999999999998,247.476,71.0216,1.3953903490198905,0
0.0815768,0.13358499999999998,1.8453,0.054711,86.3599,22.0682,224.655,72.0,1.1243024206192682,0
0.08187910000000001,0.128499,1.95525,0.054711,86.4127,22.0677,230.345,71.9787,1.1524756335014867,0
0.08057769999999999,0.133608,1.20346,0.054711,86.8529,22.0653,207.328,71.0,1.4062419555346932,0
0.08182189999999999,0.129745,1.78567,0.710565,86.7783,22.0619,231.06799999999998,71.0216,1.4064502711209816,0
0.0814939,0.12925599999999998,1.71838,0.054711,86.6962,22.0614,230.054,72.0,1.150605349802357,0
0.0813206,0.135482,1.8619999999999999,0.054711,86.5274,22.0614,231.625,71.9787,1.1521240449158294,0
0.0813373,0.129473,1.74553,0.38263800000000003,86.2856,22.0607,215.86700000000002,71.9787,1.1918359438251542,0
0.08105069999999999,0.132183,1.76007,0.054711,86.3939,22.0757,231.854,71.0216,1.3425103321262126,0
0.0815159,0.129364,1.93409,0.054711,86.8092,22.0579,209.421,72.0,1.189852745643316,0
0.08151080000000001,0.13477,1.8955799999999998,0.38263800000000003,86.4419,22.0708,236.22299999999998,71.9787,1.1316127872881225,0
0.0820064,0.131339,1.56691,-0.27321599999999996,86.6638,22.0732,226.074,71.0216,1.340819390002225,0
0.0816085,0.12974000000000002,1.31041,-0.27321599999999996,86.59700000000002,22.0666,224.665,72.0,1.1333718415237293,0
0.08093550000000001,0.13354000000000002,1.76465,-0.27321599999999996,86.5271,22.0792,228.37900000000002,72.0,1.0977035165884803,0
0.0818466,0.128004,1.69757,0.054711,86.2899,22.0675,230.829,71.9787,1.1670847244370035,0
0.0816988,0.132824,1.57144,0.054711,86.1742,22.0675,227.132,71.0216,1.3580787383054913,0
0.08172360000000001,0.133627,1.0417399999999999,0.38263800000000003,86.3744,22.0685,226.09,71.9787,1.1381942773793248,0
0.0817113,0.12823800000000002,1.24473,-0.601143,86.5094,22.0745,226.52599999999998,71.0216,1.3891690060250748,0
0.08124289999999999,0.13506500000000002,1.2434399999999999,0.054711,86.5968,22.0708,252.146,71.9787,1.1352657109528954,0
0.08149980000000001,0.128955,1.22048,0.38263800000000003,86.3641,22.0801,251.253,71.0216,1.3712113831731392,0
0.0816393,0.13156099999999998,0.827356,0.38263800000000003,86.462,22.0767,215.013,72.0,1.115341768256801,0
0.0811651,0.135509,1.02372,0.38263800000000003,86.4216,22.0767,233.05900000000003,72.0,1.111554259720075,0
0.081936,0.128195,1.20891,0.054711,86.4219,22.07800000000001,240.62099999999998,72.0,1.1268633166221678,0
0.0817007,0.133077,1.02042,0.054711,86.2217,22.0822,233.78400000000002,72.0216,1.0898695889889487,0
0.08158170000000001,0.13021,2.00592,0.054711,86.355,22.0806,252.74400000000003,72.9787,0.8839774119421718,0
0.0821835,0.128781,1.17323,0.054711,86.4274,22.0864,250.53799999999998,71.9787,1.1285730369208267,0
0.0810578,0.135975,0.844669,-0.27321599999999996,86.3917,22.0831,216.81099999999998,71.0216,1.3591895814500834,0
0.082383,0.129415,1.95088,0.38263800000000003,86.266,22.0886,236.003,72.0,1.1161534046409998,0
0.0811075,0.131698,0.8681200000000001,0.054711,86.5479,22.0813,229.205,71.0216,1.3384692992721225,0
0.0820167,0.129407,1.8181,0.054711,86.46700000000001,22.0813,230.40599999999998,72.0,1.0955148683062264,0
0.0808227,0.134681,1.86726,0.054711,86.5727,22.0819,235.576,71.9787,1.1069814573019363,0
0.0818679,0.130574,1.79729,0.710565,86.3805,22.0981,230.763,71.0216,1.337313395197369,0
0.08194119999999999,0.129591,1.6867599999999998,-0.27321599999999996,86.2598,22.0943,224.40099999999998,72.0,1.1029258530478718,0
0.080465,0.132113,1.8992200000000001,-0.27321599999999996,86.3032,22.0935,214.21599999999998,72.0,1.1222558171068873,0
0.08167869999999999,0.129141,1.07154,0.38263800000000003,86.3703,22.0947,236.41400000000002,72.0,1.108313100698859,0
0.0810945,0.13198900000000002,2.07487,0.38263800000000003,86.5165,22.0972,249.377,72.0,1.0995241774764184,0
0.0818712,0.131926,1.7883,0.054711,86.4056,22.0928,235.155,72.0,1.0799014223446224,0
0.0822161,0.128581,0.996583,0.054711,86.3105,22.0947,222.442,72.0,1.1334940319735014,0
0.08176439999999999,0.13283499999999998,1.8279,0.054711,86.50399999999998,22.0947,230.965,72.0,1.076455938606595,0
0.0821117,0.13064800000000001,1.7983099999999999,-0.27321599999999996,86.4072,22.103,231.333,72.0,1.0835788805190079,0
0.0823471,0.130885,1.8162900000000002,0.054711,86.4214,22.1042,239.986,72.0,1.097541150822158,0
0.0818996,0.135007,1.94497,0.38263800000000003,86.3373,22.1011,244.74900000000002,72.0,1.106115825521224,0
0.08192999999999999,0.12813,1.63231,0.054711,86.5267,22.1058,219.21400000000003,72.0,1.1190006105090573,0
0.0814849,0.134522,2.11786,-0.27321599999999996,86.4328,22.1151,239.326,72.0216,1.1000641484324163,0
0.0812775,0.131856,2.02771,-0.27321599999999996,86.4413,22.1037,251.033,72.9787,0.8596903918294398,0
0.08256770000000001,0.12814,1.8304,0.38263800000000003,86.4267,22.1114,231.25099999999998,72.0,1.1233484695188072,0
0.080912,0.13628099999999999,1.67775,0.38263800000000003,85.8818,22.1114,231.235,72.0,1.077592173719906,0
0.08151810000000001,0.132403,1.6689599999999998,0.054711,86.4269,22.1045,226.643,72.0,1.0830990336166861,0
0.0809311,0.133215,1.8216700000000001,-0.601143,86.6059,22.1024,218.283,72.0,1.0996311761594333,0
0.08233889999999999,0.129047,1.7055099999999999,0.38263800000000003,86.4072,22.1009,232.012,72.0,1.1042869458712345,0
0.08058,0.13533399999999998,1.8518400000000002,0.38263800000000003,86.508,22.1021,236.137,72.0,1.1016854303673043,0
0.08198889999999999,0.131883,1.90458,0.054711,86.486,22.0973,227.293,72.0,1.0834538036294936,0
0.0821235,0.130028,1.5393,0.054711,86.5432,22.1059,225.94,71.9787,1.092210242754655,0
0.080849,0.134169,1.9827400000000002,-0.27321599999999996,86.446,22.0909,232.13,71.0216,1.345082498439912,0
0.0825074,0.130002,1.79795,-0.27321599999999996,86.4209,22.0909,208.601,72.0,1.1143384323497054,0
0.0818553,0.133451,1.8652900000000001,0.38263800000000003,86.4524,22.0972,225.577,72.0216,1.0744169759335669,0
0.0814167,0.133786,1.9498799999999998,0.054711,86.1785,22.1023,241.22,72.9576,0.87307631648101,0
0.0822217,0.129083,1.9489400000000001,0.38263800000000003,86.5512,22.0982,235.33599999999998,71.0216,1.3440594144262474,0
0.08085149999999999,0.135904,2.01015,-0.27321599999999996,86.0391,22.1117,222.655,72.0,1.095098492434254,0
0.08208610000000001,0.130394,2.075,0.054711,86.3954,22.0953,235.38,71.9787,1.105939578332765,0
0.0820687,0.131149,1.8356700000000001,0.38263800000000003,86.6926,22.0998,224.609,71.0216,1.3223175803780614,0
0.0809406,0.136275,1.5104,0.38263800000000003,85.9515,22.1105,204.90900000000002,72.0,1.1034672349867631,0
0.0822719,0.129419,1.5283200000000001,0.054711,86.5268,22.0961,212.47400000000002,72.0,1.1091293965463043,0
0.0815753,0.134044,1.45805,0.054711,86.0635,22.0961,228.699,72.0,1.0843895771048124,0
0.08174479999999999,0.132144,1.8296599999999998,0.054711,86.1273,22.1063,216.666,72.0,1.0888631919680105,0
0.0809193,0.136607,1.43723,0.38263800000000003,86.2046,22.0921,235.174,72.0,1.0913384361461635,0
0.0819184,0.13071,1.3713899999999999,0.054711,86.4872,22.0971,230.162,72.0,1.083948901984591,0
0.0818134,0.131161,1.42517,0.054711,86.3875,22.0932,221.03400000000002,71.9787,1.0903535739244485,0
0.0811091,0.135217,1.07246,0.38263800000000003,86.4519,22.0961,223.50900000000001,71.0216,1.341017590529396,0
0.08248430000000001,0.130959,1.65179,0.710565,86.2415,22.1004,219.86599999999999,72.0,1.1049235682416005,0
0.0810786,0.13308299999999998,1.62219,0.710565,86.1013,22.1004,235.968,72.0,1.088712884267998,0
0.0813042,0.13428800000000002,1.31894,0.054711,86.0866,22.0938,227.232,72.0,1.089338156555086,0
0.0821735,0.129959,1.8027900000000001,0.054711,86.1572,22.0971,215.949,72.0216,1.1031322470266272,0
0.0806732,0.13561700000000002,1.29283,0.38263800000000003,86.3483,22.0947,224.25599999999997,72.9787,0.8659304238143707,0
0.0821436,0.130735,1.60305,0.054711,86.1742,22.0958,251.386,72.0,1.1078657579333002,0
0.0814057,0.13301,1.9199,0.38263800000000003,86.4019,22.108,241.833,72.0,1.0883506319297935,0
0.0810125,0.135344,1.61509,0.054711,86.2633,22.1082,247.30599999999998,72.0,1.1155174606269882,0
0.0819698,0.129882,1.27102,0.38263800000000003,86.3534,22.0976,225.395,72.0,1.0958218757715104,0
0.0812553,0.133675,1.94207,0.38263800000000003,86.1507,22.0976,236.425,72.0,1.0911051524364734,0
0.0814091,0.132866,1.58837,0.054711,86.3356,22.101999999999997,247.875,72.0,1.107902806377086,0
0.08205499999999999,0.130793,1.4032,0.054711,86.2197,22.0975,206.61700000000002,72.0,1.1187016302185304,0
0.0811965,0.13484100000000002,1.96206,0.054711,86.3538,22.1021,225.122,72.0,1.1146414767597155,0
0.0815073,0.132351,1.56588,0.38263800000000003,86.3359,22.0966,228.985,72.0,1.0814583485287237,0
0.081966,0.130581,1.23397,0.054711,86.16799999999998,22.0962,219.109,72.0,1.097964162939695,0
0.0822767,0.130164,0.744765,0.054711,86.4629,22.0918,221.34400000000002,72.0,1.1105421026850117,0
0.0813611,0.13331400000000002,0.680755,-0.27321599999999996,86.26100000000002,22.0946,222.354,71.9787,1.123430221078544,0
0.0808683,0.13576,2.07777,0.38263800000000003,86.3927,22.0793,240.769,71.0216,1.3586719459175396,0
0.08182260000000001,0.128307,1.69173,0.38263800000000003,86.4934,22.0793,216.00900000000001,72.0,1.1235002285719493,0
0.08104299999999999,0.135498,1.38855,0.054711,86.47,22.105999999999998,224.886,72.0,1.0920408491106512,0
0.0815034,0.132076,1.74955,0.38263800000000003,86.6172,22.0957,231.148,72.0,1.0673441339820324,0
0.0822675,0.13103099999999998,1.31282,-0.27321599999999996,86.4745,22.0946,229.851,72.0,1.0781412351196236,0
0.0810431,0.134043,1.80405,0.054711,86.5885,22.1027,245.183,72.0,1.1035426215493132,0
0.0813362,0.132609,1.44584,0.38263800000000003,86.4795,22.0996,215.389,72.0,1.082873403685787,0
0.08164400000000001,0.130497,1.49718,-0.27321599999999996,86.5024,22.0977,222.861,72.0,1.0775320523430563,0
0.08065939999999999,0.134571,0.637391,0.054711,86.42399999999998,22.0971,227.28400000000002,72.0,1.14002563085581,0
0.0819005,0.131696,1.25728,0.38263800000000003,86.6312,22.0979,228.392,72.0,1.0687560127651745,0
0.0817802,0.13078599999999999,1.63372,0.38263800000000003,86.6173,22.0979,239.73,72.0,1.0739026648421786,0
0.080601,0.136225,1.59769,0.054711,86.5083,22.0983,246.59900000000002,72.0,1.1104800827255974,0
0.0811465,0.129887,1.8511799999999998,0.054711,86.4972,22.099,239.521,72.0,1.1053262701791344,0
0.0815053,0.13123800000000002,0.650501,0.054711,86.4968,22.0944,215.585,72.0,1.1125702203686074,0
0.080723,0.134034,1.6601299999999999,0.054711,86.4927,22.0883,236.89,72.0,1.0949276888653765,0
0.0816229,0.132695,1.98353,0.054711,86.6493,22.1059,234.447,72.0,1.0788657488960056,0
0.08044689999999999,0.13552899999999998,2.20277,0.38263800000000003,86.5694,22.0883,242.685,72.0,1.1192506148643664,0
0.081466,0.13009600000000002,1.64165,-0.601143,86.4855,22.1024,217.615,72.0,1.100241477187513,0
0.0816033,0.133233,2.01569,-0.601143,86.5647,22.1024,228.165,72.0,1.0903776827498748,0
0.0806347,0.134769,1.6164399999999999,0.054711,86.4937,22.1001,229.324,72.0,1.113258676518955,0
0.082246,0.130686,1.91241,0.38263800000000003,86.40899999999998,22.0923,221.141,72.0216,1.0852402529425478,0
0.0809497,0.13379000000000002,1.9149200000000002,0.054711,86.5546,22.1027,227.644,72.9787,0.856633411078589,0
0.0811395,0.133656,0.9085629999999999,0.054711,86.6833,22.0981,205.467,72.0216,1.1188661328492289,0
0.0812511,0.129959,1.4475799999999999,-0.27321599999999996,87.0591,22.0946,226.15200000000002,72.9787,0.8636546580840069,0
0.0815006,0.133893,1.90553,-0.27321599999999996,86.6582,22.0996,227.628,72.0,1.0772777816900385,0
0.0808461,0.134854,1.9561400000000002,0.38263800000000003,86.6794,22.0974,223.085,71.9787,1.1031621845326474,0
0.08239500000000001,0.130998,1.94965,0.38263800000000003,86.6795,22.0974,242.274,71.0216,1.3325344094606126,0
0.08103350000000001,0.13505699999999998,1.09599,0.054711,87.024,22.0961,233.856,72.0,1.1142213481703636,0
0.0805831,0.133183,2.1952700000000003,-0.27321599999999996,86.6312,22.0927,253.248,72.0,1.1236447124451805,0
0.08207300000000001,0.130234,2.2313400000000003,0.054711,86.7034,22.0973,231.477,72.0216,1.0950135603960967,0
0.0805572,0.136154,1.8903900000000002,0.054711,86.5649,22.0868,230.865,72.9576,0.8553666886701373,0
0.0821122,0.131144,1.28358,-0.27321599999999996,87.0176,22.0915,226.90200000000002,71.0216,1.3349834964420533,0
0.0804375,0.136348,1.88825,0.054711,86.8468,22.0871,233.00599999999997,72.0,1.1003575777904981,0
0.081355,0.131187,2.10257,0.054711,86.7979,22.0823,237.06,72.0216,1.0816157983223376,0
0.0818334,0.131632,1.96797,0.054711,86.801,22.0823,242.53,72.9787,0.8373507323004844,0
0.0803706,0.135015,1.5755700000000001,0.054711,87.2648,22.0906,205.53799999999998,72.0,1.1769781908107313,0
0.0818466,0.132298,1.51643,-0.27321599999999996,86.7231,22.0902,226.22,72.0,1.066691861788015,0
0.0818123,0.131688,1.8779700000000001,0.054711,86.7856,22.0885,228.97099999999998,72.0,1.070818067517438,0
0.0807645,0.135769,1.9192099999999999,-0.27321599999999996,87.0271,22.0797,223.05700000000002,72.0,1.1219999864943442,0
0.0812196,0.13066,1.24116,-0.27321599999999996,86.7737,22.0852,209.93900000000002,72.0,1.1008583596798458,0
0.08229260000000001,0.13103399999999998,1.8042099999999999,0.054711,87.2125,22.0765,220.055,71.9787,1.136810506476209,0
0.08010779999999999,0.136825,2.24376,0.054711,87.2673,22.0765,242.05,71.0216,1.416789664942055,0
0.0823855,0.131547,1.04776,0.38263800000000003,87.36200000000002,22.0768,229.967,72.0,1.162113938042073,0
0.0812967,0.133482,2.05494,0.054711,87.3206,22.0781,238.206,72.0,1.1518972122682738,0
0.0807435,0.13413599999999998,1.9542599999999999,0.054711,87.2851,22.0805,240.525,72.0216,1.151626454890466,0
0.0818589,0.130691,1.87723,-0.27321599999999996,87.2277,22.0803,238.824,72.9787,0.9005808267902129,0
0.0812036,0.134391,0.857159,0.054711,87.2747,22.0759,218.687,71.9787,1.1722055471519832,0
0.08141269999999999,0.135127,1.86717,-0.601143,87.3148,22.0793,235.88,71.0216,1.406453024477012,0
0.08219739999999999,0.131932,1.67524,-0.601143,87.3067,22.0793,224.44400000000002,72.0,1.1620083243773889,0
0.0810083,0.133203,1.34469,-0.27321599999999996,87.5068,22.0724,230.657,72.0,1.2037985358236756,0
0.0806515,0.132877,1.93575,0.054711,87.2272,22.0696,241.668,71.9787,1.1733672497352523,0
0.0816827,0.131741,1.82673,0.054711,87.3607,22.0721,217.273,71.0216,1.397348024163663,0
0.0807794,0.13508499999999998,1.5643,0.054711,87.271,22.0673,241.32,72.0,1.1837488438935824,0
0.08155239999999997,0.13313699999999998,1.41713,-0.27321599999999996,87.316,22.0679,237.845,72.0,1.1753173301155815,0
0.0805087,0.134723,1.23031,0.054711,87.38,22.0602,229.451,71.9787,1.2475286940337893,0
0.08115089999999997,0.13139,0.616877,0.054711,87.4868,22.0615,214.49900000000002,71.0216,1.4793414696302163,0
0.08183560000000001,0.130248,1.22638,0.054711,87.3855,22.0615,242.226,72.0216,1.2099503888667023,0
0.0803808,0.13573,1.8086,0.710565,87.5197,22.0581,220.493,72.9787,1.1117776895375995,0
0.08164860000000003,0.133125,1.86687,0.054711,87.1094,22.0627,237.8,72.0,1.1599389030975764,0
0.081528,0.131699,1.58493,0.054711,87.4034,22.0562,230.755,72.0,1.2307346812195776,0
0.08094169999999999,0.134668,1.6822700000000002,-0.27321599999999996,87.4362,22.064,221.854,72.0,1.2344554317404697,0
0.08116699999999999,0.131778,0.912078,-0.27321599999999996,87.531,22.0626,207.696,72.0,1.2688843103848864,0
0.08185269999999999,0.130607,1.7054099999999999,0.054711,87.4716,22.0485,240.713,71.9787,1.3015385515539808,0
0.0804682,0.13666199999999998,1.59351,0.054711,87.5036,22.0485,218.063,71.0436,1.5265339819314474,0
0.08182669999999999,0.13326300000000002,1.5561,0.38263800000000003,87.6584,22.0511,228.27599999999998,72.9787,1.132539413497579,0
0.0812257,0.13075,1.7927,0.38263800000000003,87.7893,22.0636,252.489,71.9787,1.3207837063717036,0
0.08047560000000001,0.135198,1.14931,0.054711,87.5832,22.06,229.428,71.0216,1.4976835009536391,0
0.08139860000000003,0.12980999999999998,1.25433,0.054711,87.9992,22.0498,237.825,72.0216,1.4224958734937097,0
0.08121519999999999,0.132648,0.635948,0.054711,87.8071,22.0462,211.739,72.9787,1.2401322051117296,0
0.0806822,0.135889,1.20841,0.054711,87.8361,22.0518,221.49099999999999,72.0,1.3781702082881249,0
0.0825096,0.13176600000000002,2.04566,0.38263800000000003,87.8097,22.0461,219.22400000000002,71.9787,1.4101758129582065,0
0.0805773,0.131198,1.24361,0.38263800000000003,87.8362,22.0461,229.28400000000002,71.0216,1.612518596814043,0
0.0805897,0.134524,1.44249,0.054711,87.9236,22.0361,233.476,72.0,1.508605647987183,0
0.0815821,0.132699,1.30831,-0.27321599999999996,88.007,22.041,224.303,71.9787,1.4861429381256932,0
0.08062230000000001,0.13686500000000001,0.9882479999999999,0.054711,87.8255,22.04,219.696,71.0216,1.6467599511681985,1
0.0821872,0.130454,1.9555099999999999,0.054711,87.8083,22.0424,231.793,71.9787,1.4208315099410398,0
0.081035,0.132319,1.1603299999999999,0.054711,87.4864,22.0431,231.28799999999998,71.0216,1.545874305489555,0
0.08036669999999999,0.1341,1.5126,0.38263800000000003,88.0312,22.0342,225.165,71.9787,1.5650675232602627,0
0.0817823,0.129452,1.8595,-0.601143,87.9527,22.0508,233.042,71.0216,1.634011751637407,1
0.0808739,0.13331400000000002,1.4686700000000001,-0.27321599999999996,87.9059,22.0338,236.188,72.0,1.515374957916257,0
0.0810791,0.136221,1.7787099999999998,-0.27321599999999996,87.8826,22.0398,230.50900000000001,72.0,1.4613202939050671,0
0.0815567,0.131413,2.1219799999999998,-0.27321599999999996,88.0274,22.0398,247.449,72.0,1.5104688476305141,0
0.08137799999999999,0.1307,1.08687,0.054711,87.8606,22.0287,229.987,72.0,1.5320649873379173,0
0.08023989999999999,0.135143,1.93787,-0.27321599999999996,88.07,22.0428,229.412,71.9787,1.525960381077585,0
0.0822551,0.12934,1.86811,-0.27321599999999996,87.9572,22.0548,231.22299999999998,71.0216,1.5990917205807211,0
0.08128510000000001,0.13384000000000001,1.74465,0.054711,87.7303,22.0401,229.705,71.9787,1.4175707715346848,0
0.08133839999999999,0.13616199999999998,1.8657099999999998,0.054711,87.98,22.0398,226.30200000000002,71.0216,1.6678648659338544,1
0.081934,0.131832,1.89825,0.054711,87.4372,22.0491,233.014,72.0,1.2826362280129346,0
0.08122289999999999,0.13131900000000002,1.81205,0.054711,87.9157,22.0492,224.28900000000002,72.0,1.3989416637631182,0
0.080671,0.135469,1.73741,0.054711,87.926,22.0492,226.96200000000002,72.0,1.4162729823719231,0
0.081703,0.13064,1.9838099999999999,0.054711,87.3918,22.0489,248.81400000000002,72.0,1.292582382753856,0
0.0812357,0.13583199999999998,1.6809,0.054711,87.823,22.0478,223.97299999999998,72.0216,1.380115170081314,0
0.0818953,0.130643,1.5215100000000001,-0.27321599999999996,87.4411,22.0447,222.642,72.0216,1.318836463157466,0
0.08042769999999999,0.13633199999999998,1.74368,0.054711,87.4728,22.0512,222.762,73.0,1.0979589813345938,0
0.0813675,0.132272,1.84422,0.054711,87.4015,22.0344,245.203,73.0216,1.2026948350284117,0
0.0811903,0.13150799999999999,1.5578100000000001,0.054711,87.4593,22.0536,221.389,73.9787,0.8777972779746757,0
0.0809452,0.136036,1.8681599999999998,0.054711,87.9551,22.0499,240.429,73.0216,1.2310413118549088,0
0.0817501,0.133077,1.7998900000000002,0.054711,88.0314,22.0499,207.66,74.0216,1.1125740362671213,0
0.08130520000000001,0.132546,1.2678,0.054711,87.5591,22.0499,232.34099999999998,74.9576,0.8120016113178395,0
0.0807135,0.13453199999999998,1.60825,0.054711,87.6282,22.0489,224.672,73.0216,1.1507321171007996,0
0.0816089,0.13054100000000002,1.80529,0.054711,87.5825,22.0467,216.623,74.0216,0.9732052394207505,0
0.0812437,0.13575399999999999,1.24404,0.054711,87.4881,22.0496,218.80200000000002,74.9576,0.8047269031155686,0
0.0811571,0.135458,1.62319,-0.27321599999999996,87.76700000000002,22.0544,232.18200000000002,73.0216,1.14638121168603,0
0.0816819,0.12925799999999998,1.6566599999999998,0.38263800000000003,87.7002,22.046999999999997,230.933,74.0,1.0247087955467236,0
0.0806536,0.13636900000000002,1.86133,0.054711,87.7837,22.0404,221.405,74.0216,1.1031561375780012,0
0.0812718,0.132055,1.9324,-0.27321599999999996,87.42399999999998,22.0405,241.762,75.0,0.8866248760460006,0
0.0815692,0.13103800000000002,1.8617599999999999,0.054711,87.6055,22.0544,242.77200000000002,75.0,0.7879270491479577,0
0.08092819999999999,0.137697,1.71628,-0.27321599999999996,87.6144,22.0414,239.451,74.9787,0.9358040378361058,0
0.08170960000000001,0.131735,1.6123399999999999,0.054711,87.4835,22.0447,239.421,74.0216,0.952563008045191,0
0.0809097,0.13397799999999999,0.7295550000000001,0.710565,87.5423,22.0507,211.55900000000003,75.0,0.8948815366989235,0
0.08106000000000001,0.131413,1.70855,0.710565,87.5364,22.0507,226.201,75.0,0.843311303091414,0
0.0811906,0.13471,1.63701,-0.27321599999999996,87.5697,22.0429,227.668,75.0,0.916872124720802,0
0.0814358,0.135237,1.2358,0.054711,87.7249,22.0401,249.18,75.0216,0.9872506361818792,0
0.0816407,0.130413,1.6705599999999998,0.38263800000000003,87.6466,22.0444,229.553,75.9787,0.8567870638381285,0
0.0808019,0.13649,1.02119,-0.27321599999999996,87.5685,22.0331,230.97799999999998,75.0216,1.0194204623789926,0
0.0810462,0.130431,1.75492,0.38263800000000003,87.6597,22.046999999999997,231.856,75.9787,0.8369004455843257,0
0.0812799,0.132634,1.35412,0.054711,87.6391,22.0299,237.31099999999998,75.0216,1.0509576049841791,0
0.0803297,0.13716199999999998,0.9596969999999999,0.054711,87.5085,22.0299,224.525,76.0,0.9871016702274887,0
0.0816104,0.131376,1.5496299999999998,0.054711,87.7148,22.0397,228.07,75.9787,0.9156681233665432,0
0.0811998,0.135682,1.6936099999999998,-0.601143,87.7259,22.0342,237.91299999999998,75.0435,1.0803620317474847,0
0.0809581,0.132669,0.976554,0.710565,87.6379,22.0333,222.296,76.9571,1.009319423499252,0
0.0815141,0.13172,0.9560559999999999,0.054711,87.68700000000004,22.0401,218.828,75.0219,0.9600334852033688,0
0.0810635,0.136749,1.98997,-0.27321599999999996,87.7421,22.0431,247.179,76.0,0.9135763424155847,0
0.0816944,0.13216,1.78495,0.054711,87.7378,22.0262,227.26,76.0,1.0802053134193321,0
0.08176,0.132099,1.13877,-0.601143,87.5566,22.0358,229.793,76.0,0.9600938870390657,0
0.0803087,0.136049,1.19272,-0.601143,87.3904,22.0358,245.153,76.0,0.9416244470819755,0
0.08181110000000001,0.129961,1.02367,-0.27321599999999996,87.6249,22.0209,234.665,76.0,1.134915056360512,0
0.0812225,0.133877,0.933787,0.054711,87.4189,22.0303,225.264,76.0,0.9550181523854017,0
0.08183860000000001,0.13051300000000002,1.96108,0.054711,87.4094,22.037,216.774,76.0,0.858271931876947,0
0.08064199999999999,0.135223,1.7435599999999998,0.054711,87.5552,22.0357,213.523,76.0,0.9344175779380779,0
0.0816499,0.132194,1.70252,0.054711,87.4236,22.0413,234.2,76.0219,0.7988640247381359,0
0.08171210000000001,0.131366,1.78394,0.054711,87.62899999999998,22.0368,217.445,76.9784,0.9220047840592946,0
0.0,0.0,1.94649,0.054711,87.5632,22.0368,237.1,0.0,27.216803864314457,1
0.0,0.0,1.50247,0.054711,87.3484,22.0368,235.062,0.0,27.214605251789262,1
0.0,0.0,1.0362,0.054711,87.5839,22.0368,220.396,0.0,27.217507025622623,1
0.0,0.0,1.48591,0.054711,87.8006,22.0368,229.17700000000002,0.0,27.219332563069447,1
0.0,0.0,1.6412099999999998,0.054711,87.5485,22.0368,220.872,0.0,27.216599925780702,1
